;Component;SMILES;Count dens pure;Count cpmol pure;Count sos pure;Count dielec pure;Count hvap pure;Count all pure
0;Decane;CCCCCCCCCC;9289.0;8.0;21.0;0.0;1.0;9319.0
1;Butan-1-ol;CCCCO;1327.0;49.0;85.0;11.0;0.0;1472.0
2;HEPTANE;CCCCCCC;1254.0;39.0;132.0;3.0;2.0;1430.0
3;ethanol;CCO;1169.0;86.0;91.0;8.0;0.0;1354.0
7;methylbenzene;Cc1ccccc1;641.0;3.0;235.0;51.0;2.0;932.0
8;oxidane;O;634.0;54.0;183.0;31.0;0.0;902.0
9;methanol;CO;606.0;75.0;142.0;7.0;0.0;830.0
6;Propan-1-ol;CCCO;659.0;18.0;78.0;7.0;0.0;762.0
4;2-Methylpropan-1-ol;CC(C)CO;721.0;0.0;15.0;5.0;0.0;741.0
5;HEXAN-1-OL;CCCCCCO;664.0;8.0;64.0;2.0;0.0;738.0
10;Pentan-1-ol;CCCCCO;396.0;0.0;78.0;10.0;0.0;484.0
14;DECAN-1-OL;CCCCCCCCCCO;328.0;38.0;101.0;0.0;0.0;467.0
13;OCTAN-1-OL;CCCCCCCCO;356.0;12.0;78.0;2.0;0.0;448.0
11;Cyclohexane;C1CCCCC1;368.0;21.0;55.0;0.0;1.0;445.0
12;Propan-2-ol;CC(C)O;357.0;6.0;53.0;5.0;0.0;421.0
17;Heptan-1-ol;CCCCCCCO;313.0;0.0;77.0;2.0;0.0;392.0
16;Ethane-1,2-diol;OCCO;314.0;47.0;26.0;1.0;1.0;389.0
18;Nonane;CCCCCCCCC;273.0;0.0;81.0;6.0;0.0;360.0
15;octane;CCCCCCCC;317.0;11.0;16.0;8.0;1.0;353.0
36;Methoxymethane;COC;108.0;81.0;0.0;145.0;0.0;334.0
19;PROPANE-1,2-DIOL;CC(O)CO;272.0;12.0;40.0;6.0;0.0;330.0
20;BENZENE;c1ccccc1;251.0;6.0;45.0;0.0;1.0;303.0
21;Hexane;CCCCCC;196.0;0.0;93.0;0.0;1.0;290.0
22;1,2-Dimethoxyethane;COCCOC;193.0;0.0;70.0;9.0;0.0;272.0
25;butane-1,2-diol;CCC(O)CO;157.0;31.0;60.0;0.0;0.0;248.0
23;Nonan-1-ol;CCCCCCCCCO;184.0;0.0;62.0;0.0;0.0;246.0
29;Propane-1,3-diol;OCCCO;136.0;47.0;56.0;0.0;1.0;240.0
43;Butane-1,4-diol;OCCCCO;98.0;68.0;46.0;0.0;1.0;213.0
27;Dodecane;CCCCCCCCCCCC;154.0;0.0;53.0;0.0;0.0;207.0
24;2,6,10,15,19,23-Hexamethyltetracosane;CC(C)CCCC(C)CCCC(C)CCCCC(C)CCCC(C)CCCC(C)C;184.0;12.0;9.0;0.0;0.0;205.0
73;2-Methylbutan-2-ol;CCC(C)(C)O;37.0;88.0;43.0;0.0;0.0;168.0
32;1,4-Dimethylbenzene;Cc1ccc(C)cc1;116.0;3.0;43.0;0.0;1.0;163.0
52;1-METHOXY-2-(2-METHOXYETHOXY)ETHANE;COCCOCCOC;80.0;0.0;71.0;9.0;0.0;160.0
26;hexan-2-ol;CCCCC(C)O;154.0;0.0;2.0;0.0;0.0;156.0
28;Methylcyclohexane;CC1CCCCC1;142.0;0.0;8.0;0.0;0.0;150.0
145;Pentan-3-ol;CCC(O)CC;3.0;65.0;80.0;0.0;0.0;148.0
31;2,5-Dimethylfuran;Cc1oc(C)cc1;119.0;0.0;25.0;0.0;0.0;144.0
45;Oxolane;C1CCOC1;96.0;0.0;43.0;0.0;0.0;139.0
34;2-Methylfuran;Cc1occc1;109.0;0.0;25.0;0.0;0.0;134.0
104;2-Methylbutan-1-ol;CCC(C)CO;11.0;73.0;43.0;0.0;0.0;127.0
86;HEXANE-1,6-DIOL;OCCCCCCO;23.0;51.0;49.0;0.0;1.0;124.0
33;Ethylbenzene;CCc1ccccc1;110.0;0.0;14.0;0.0;0.0;124.0
47;Undecane;CCCCCCCCCCC;89.0;5.0;30.0;0.0;0.0;124.0
125;Cyclopentanol;OC1CCCC1;6.0;72.0;43.0;0.0;0.0;121.0
30;Dimethoxymethane;COCOC;119.0;0.0;0.0;0.0;0.0;119.0
35;FURAN;o1cccc1;108.0;0.0;11.0;0.0;0.0;119.0
49;1,2-Dimethylbenzene;Cc1ccccc1C;83.0;3.0;31.0;0.0;1.0;118.0
44;2-(2-Hydroxyethoxy)ethanol;OCCOCCO;96.0;6.0;12.0;3.0;0.0;117.0
37;2-Methylheptane;CCCCCC(C)C;107.0;10.0;0.0;0.0;0.0;117.0
53;1,4-Dioxane;C1COCCO1;77.0;0.0;32.0;3.0;0.0;112.0
51;2-[2-(2-hydroxyethoxy)ethoxy]ethanol;OCCOCCOCCO;81.0;6.0;12.0;3.0;0.0;102.0
48;HEXADECANE;CCCCCCCCCCCCCCCC;84.0;0.0;15.0;0.0;2.0;101.0
38;2,3-Dimethylbutane;CC(C)C(C)C;101.0;0.0;0.0;0.0;0.0;101.0
39;2,2-Dimethylbutane;CCC(C)(C)C;101.0;0.0;0.0;0.0;0.0;101.0
41;2-Methylpentane;CCCC(C)C;100.0;0.0;0.0;0.0;0.0;100.0
40;3-Methylpentane;CCC(C)CC;100.0;0.0;0.0;0.0;0.0;100.0
42;undecan-1-ol;CCCCCCCCCCCO;99.0;0.0;0.0;0.0;0.0;99.0
54;1,3-Dimethylbenzene;Cc1cccc(C)c1;76.0;0.0;22.0;0.0;0.0;98.0
81;Butane-1,3-diol;CC(O)CCO;26.0;8.0;63.0;0.0;0.0;97.0
50;1-Butoxybutane;CCCCOCCCC;83.0;0.0;6.0;5.0;0.0;94.0
176;1-Methyl-4-phenylbenzene;Cc1ccc(cc1)c2ccccc2;0.0;94.0;0.0;0.0;0.0;94.0
62;2-Methoxy-2-methylpropane;COC(C)(C)C;59.0;0.0;33.0;0.0;0.0;92.0
46;Tetradecane;CCCCCCCCCCCCCC;92.0;0.0;0.0;0.0;0.0;92.0
55;Butan-2-ol;CCC(C)O;75.0;0.0;13.0;0.0;0.0;88.0
56;1-ETHOXY-2-(2-ETHOXYETHOXY)ETHANE;CCOCCOCCOCC;73.0;0.0;14.0;0.0;0.0;87.0
57;2-Methylpropan-2-ol;CC(C)(C)O;65.0;0.0;16.0;0.0;0.0;81.0
201;3-Ethylpentan-3-ol;CCC(O)(CC)CC;0.0;0.0;80.0;0.0;0.0;80.0
202;3-Methylpentan-3-ol;CCC(C)(O)CC;0.0;0.0;80.0;0.0;0.0;80.0
82;pentan-2-ol;CCCC(C)O;26.0;47.0;6.0;0.0;0.0;79.0
96;2-Ethylbutan-1-ol;CCC(CC)CO;15.0;7.0;48.0;0.0;0.0;70.0
65;2-propan-2-yloxypropane;CC(C)OC(C)C;47.0;0.0;22.0;0.0;0.0;69.0
58;Methoxybenzene;COc1ccccc1;63.0;0.0;6.0;0.0;0.0;69.0
76;['Oxane', '2,3,4,5-tetrahydropyran'];C1CCOCC1;35.0;11.0;19.0;0.0;0.0;65.0
59;Ethoxyethane;CCOCC;61.0;0.0;1.0;0.0;0.0;62.0
177;2,2-dimethylpropan-1-ol;CC(C)(C)CO;0.0;61.0;0.0;0.0;0.0;61.0
60;Phenoxybenzene;O(c1ccccc1)c2ccccc2;60.0;0.0;0.0;0.0;0.0;60.0
61;Tridecane;CCCCCCCCCCCCC;59.0;0.0;0.0;0.0;0.0;59.0
63;2-Methylpropane;CC(C)C;58.0;0.0;0.0;0.0;0.0;58.0
72;2-[2-[2-(2-hydroxyethoxy)ethoxy]ethoxy]ethanol;OCCOCCOCCOCCO;38.0;6.0;10.0;3.0;0.0;57.0
66;2,2,4-Trimethylpentane;CC(C)CC(C)(C)C;45.0;0.0;12.0;0.0;0.0;57.0
178;2,2-dimethylpropylbenzene;CC(C)(C)Cc1ccccc1;0.0;57.0;0.0;0.0;0.0;57.0
78;2-Ethoxy-2-methylpropane;CCOC(C)(C)C;32.0;0.0;24.0;0.0;0.0;56.0
68;PROPANE-1,2,3-TRIOL;OCC(O)CO;43.0;0.0;0.0;2.0;10.0;55.0
179;1-tert-butyl-4-phenylbenzene;CC(C)(C)c1ccc(cc1)c2ccccc2;0.0;54.0;0.0;0.0;1.0;55.0
64;BUTANE;CCCC;50.0;0.0;0.0;0.0;0.0;50.0
69;1-(2-methoxyethoxy)-2-[2-(2-methoxyethoxy)ethoxy]ethane;COCCOCCOCCOCCOC;43.0;0.0;0.0;6.0;0.0;49.0
75;phenylmethanol;OCc1ccccc1;37.0;0.0;10.0;0.0;0.0;47.0
162;Pentane-1,5-diol;OCCCCCO;1.0;42.0;2.0;0.0;1.0;46.0
77;2-Methoxyethanol;COCCO;35.0;0.0;10.0;0.0;0.0;45.0
85;1,2-Bis(2-methoxyethoxy)ethane;COCCOCCOCCOC;25.0;11.0;0.0;8.0;0.0;44.0
67;Octadecane;CCCCCCCCCCCCCCCCCC;44.0;0.0;0.0;0.0;0.0;44.0
180;Heptane-1,7-diol;OCCCCCCCO;0.0;41.0;0.0;0.0;1.0;42.0
74;3-Methylbutan-1-ol;CC(C)CCO;37.0;0.0;4.0;0.0;0.0;41.0
71;;C1CC[C@H]2CCCC[C@@H]2C1;39.0;0.0;0.0;0.0;0.0;39.0
70;;C1CC[C@@H]2CCCC[C@@H]2C1;39.0;0.0;0.0;0.0;0.0;39.0
80;2-Ethoxyethanol;CCOCCO;28.0;0.0;11.0;0.0;0.0;39.0
79;2-Ethylhexan-1-ol;CCCCC(CC)CO;29.0;0.0;4.0;3.0;0.0;36.0
91;Cyclopentane;C1CCCC1;18.0;0.0;15.0;0.0;0.0;33.0
87;4,7,7-trimethyl-8-oxabicyclo[2.2.2]octane;CC12CCC(CC1)C(C)(C)O2;23.0;6.0;2.0;0.0;0.0;31.0
181;3-Methylbutan-2-ol;CC(C)C(C)O;0.0;30.0;0.0;0.0;0.0;30.0
92;2-PHENYLETHANOL;OCCc1ccccc1;17.0;0.0;12.0;0.0;0.0;29.0
84;1,3,5-Trimethylbenzene;Cc1cc(C)cc(C)c1;25.0;0.0;3.0;0.0;0.0;28.0
83;ETHANE;CC;25.0;0.0;0.0;0.0;0.0;25.0
103;1,2,3,4-Tetrahydronaphthalene;C1CCc2ccccc2C1;12.0;0.0;13.0;0.0;0.0;25.0
182;nonane-1,9-diol;OCCCCCCCCCO;0.0;24.0;0.0;0.0;1.0;25.0
88;2-Butoxyethanol;CCCCOCCO;20.0;0.0;5.0;0.0;0.0;25.0
214;1,4,7,10,13-PENTAOXACYCLOPENTADECANE;C1COCCOCCOCCOCCO1;0.0;0.0;0.0;25.0;0.0;25.0
215;1,4,7,10-TETRAOXACYCLODODECANE;C1COCCOCCOCCO1;0.0;0.0;0.0;24.0;0.0;24.0
90;2,2,4,4,6,8,8-Heptamethylnonane;CC(CC(C)(C)C)CC(C)(C)CC(C)(C)C;18.0;0.0;6.0;0.0;0.0;24.0
94;2-[2-(2-Methoxyethoxy)ethoxy]ethanol;COCCOCCOCCO;16.0;0.0;8.0;0.0;0.0;24.0
101;1,3-DIOXOLANE;C1COCO1;13.0;0.0;11.0;0.0;0.0;24.0
136;3-(3-hydroxypropoxy)propan-1-ol;OCCCOCCCO;5.0;18.0;0.0;0.0;0.0;23.0
108;2-Methyloxolane;CC1CCCO1;10.0;8.0;4.0;0.0;0.0;22.0
98;hexane-1,2-diol;CCCCC(O)CO;15.0;5.0;0.0;0.0;0.0;20.0
109;1-Propoxypropan-2-ol;CCCOCC(C)O;10.0;0.0;10.0;0.0;0.0;20.0
95;2-(2-Butoxyethoxy)ethanol;CCCCOCCOCCO;15.0;0.0;5.0;0.0;0.0;20.0
99;2-(2-hexoxyethoxy)ethanol;CCCCCCOCCOCCO;15.0;0.0;5.0;0.0;0.0;20.0
89;;C1CC2C3CCC(C3)C2C1;18.0;0.0;0.0;0.0;0.0;18.0
93;dodecan-1-ol;CCCCCCCCCCCCO;17.0;0.0;0.0;0.0;1.0;18.0
144;;CC(O)C(C)O;3.0;12.0;2.0;0.0;0.0;17.0
183;;OC[C@H](O)[C@H](O)[C@H](O)CO;0.0;17.0;0.0;0.0;0.0;17.0
216;1,4,7,10,13,16-HEXAOXACYCLOOCTADECANE;C1COCCOCCOCCOCCOCCO1;0.0;0.0;0.0;16.0;0.0;16.0
102;;C1CCCCCCC1;12.0;0.0;4.0;0.0;0.0;16.0
185;Octane-1,8-diol;OCCCCCCCCO;0.0;14.0;0.0;0.0;1.0;15.0
113;2,2,4,6,6-PENTAMETHYLHEPTANE;CC(CC(C)(C)C)CC(C)(C)C;9.0;0.0;6.0;0.0;0.0;15.0
97;Pentane;CCCCC;15.0;0.0;0.0;0.0;0.0;15.0
107;2-(2-Methoxyethoxy)ethanol;COCCOCCO;10.0;0.0;5.0;0.0;0.0;15.0
110;1-Methoxypropan-2-ol;COCC(C)O;9.0;0.0;5.0;0.0;0.0;14.0
184;1-tert-butyl-4-(phenoxy)benzene;CC(C)(C)c1ccc(Oc2ccccc2)cc1;0.0;14.0;0.0;0.0;0.0;14.0
105;heptan-2-ol;CCCCCC(C)O;11.0;1.0;2.0;0.0;0.0;14.0
100;1,2,4-Trimethylbenzene;Cc1ccc(C)c(C)c1;14.0;0.0;0.0;0.0;0.0;14.0
121;2-(2-propoxypropoxy)propan-1-ol;CCCOC(C)COC(C)CO;8.0;0.0;5.0;0.0;0.0;13.0
119;Cyclohexanol;OC1CCCCC1;8.0;0.0;5.0;0.0;0.0;13.0
122;;CC(C)c1ccccc1;7.0;0.0;4.0;0.0;0.0;11.0
133;2-(2-Ethoxyethoxy)ethanol;CCOCCOCCO;5.0;0.0;5.0;0.0;0.0;10.0
135;1-Butoxypropan-2-ol;CCCCOCC(C)O;5.0;0.0;5.0;0.0;0.0;10.0
137;1-Ethoxypropan-2-ol;CCOCC(C)O;5.0;0.0;5.0;0.0;0.0;10.0
106;7-Oxabicyclo[4.1.0]heptane;C1CCC2OC2C1;10.0;0.0;0.0;0.0;0.0;10.0
132;2-butoxypropan-1-ol;CCCCOC(C)CO;5.0;0.0;5.0;0.0;0.0;10.0
114;2-[2-(2-ethoxyethoxy)ethoxy]ethanol;CCOCCOCCOCCO;9.0;0.0;0.0;0.0;0.0;9.0
111;1-propoxypropane;CCCOCCC;9.0;0.0;0.0;0.0;0.0;9.0
112;4-Methylphenol;Cc1ccc(O)cc1;9.0;0.0;0.0;0.0;0.0;9.0
155;octan-2-ol;CCCCCCC(C)O;2.0;1.0;5.0;0.0;0.0;8.0
134;Butylbenzene;CCCCc1ccccc1;5.0;0.0;3.0;0.0;0.0;8.0
120;3-methylphenol;Cc1cccc(O)c1;8.0;0.0;0.0;0.0;0.0;8.0
115;1-ethoxybutane;CCCCOCC;8.0;0.0;0.0;0.0;0.0;8.0
116;1-butoxy-2-methylpropane;CCCCOCC(C)C;8.0;0.0;0.0;0.0;0.0;8.0
117;1-propoxypentane;CCCCCOCCC;8.0;0.0;0.0;0.0;0.0;8.0
118;1-ethoxyhexane;CCCCCCOCC;8.0;0.0;0.0;0.0;0.0;8.0
217;1-phenyl-3-propan-2-ylbenzene;CC(C)c1cccc(c1)c2ccccc2;0.0;0.0;0.0;0.0;7.0;7.0
141;2-Propoxyethanol;CCCOCCO;4.0;0.0;0.0;3.0;0.0;7.0
127;2-[2-(2-hydroxypropoxy)propoxy]propan-1-ol;CC(O)COC(C)COC(C)CO;6.0;0.0;0.0;0.0;0.0;6.0
186;(1R,2S)-cyclohexane-1,2-diol;O[C@H]1CCCC[C@H]1O;0.0;6.0;0.0;0.0;0.0;6.0
123;1,2,4-Trimethylcyclohexane;CC1CCC(C)C(C)C1;6.0;0.0;0.0;0.0;0.0;6.0
124;Propylbenzene;CCCc1ccccc1;6.0;0.0;0.0;0.0;0.0;6.0
126;Butylcyclohexane;CCCCC1CCCCC1;6.0;0.0;0.0;0.0;0.0;6.0
139;Pentane-1,2-diol;CCCC(O)CO;5.0;1.0;0.0;0.0;0.0;6.0
128;Ethylcyclohexane;CCC1CCCCC1;6.0;0.0;0.0;0.0;0.0;6.0
130;hexane-2,5-diol;CC(O)CCC(C)O;6.0;0.0;0.0;0.0;0.0;6.0
151;Methylcyclopentane;CC1CCCC1;3.0;0.0;3.0;0.0;0.0;6.0
131;2-[2-(2-Butoxyethoxy)ethoxy]ethanol;CCCCOCCOCCOCCO;6.0;0.0;0.0;0.0;0.0;6.0
146;2-methylpropylbenzene;CC(C)Cc1ccccc1;3.0;0.0;3.0;0.0;0.0;6.0
129;Hexane-1,5-diol;CC(O)CCCCO;6.0;0.0;0.0;0.0;0.0;6.0
187;5-methyl-2-propan-2-ylphenol;CC(C)c1ccc(C)cc1O;0.0;5.0;0.0;0.0;0.0;5.0
206;3-METHYLUNDECANE;CCCCCCCCC(C)CC;0.0;0.0;5.0;0.0;0.0;5.0
203;3,5-DIMETHYLHEPTANE;CCC(C)CC(C)CC;0.0;0.0;5.0;0.0;0.0;5.0
140;Icosane;CCCCCCCCCCCCCCCCCCCC;5.0;0.0;0.0;0.0;0.0;5.0
204;;CCCCCCCCCC(C)CCCCCC;0.0;0.0;5.0;0.0;0.0;5.0
138;1-Phenylethanol;CC(O)c1ccccc1;5.0;0.0;0.0;0.0;0.0;5.0
207;2-Methylnonane;CCCCCCCC(C)C;0.0;0.0;5.0;0.0;0.0;5.0
208;2-Methyloctane;CCCCCCC(C)C;0.0;0.0;5.0;0.0;0.0;5.0
209;2-METHYLPENTADECANE;CCCCCCCCCCCCCC(C)C;0.0;0.0;5.0;0.0;0.0;5.0
210;4-Methyloctane;CCCCC(C)CCC;0.0;0.0;5.0;0.0;0.0;5.0
211;3,6-Dimethyloctane;CCC(C)CCC(C)CC;0.0;0.0;5.0;0.0;0.0;5.0
205;2-Methyldecane;CCCCCCCCC(C)C;0.0;0.0;5.0;0.0;0.0;5.0
142;Ethoxybenzene;CCOc1ccccc1;4.0;0.0;0.0;0.0;0.0;4.0
148;2-Methoxy-2-methylbutane;CCC(C)(C)OC;3.0;0.0;1.0;0.0;0.0;4.0
143;1,1-Diethoxyethane;CCOC(C)OCC;3.0;0.0;0.0;0.0;0.0;3.0
154;2-Methylpentan-1-ol;CCCC(C)CO;3.0;0.0;0.0;0.0;0.0;3.0
153;2-Methylpentan-2-ol;CCCC(C)(C)O;3.0;0.0;0.0;0.0;0.0;3.0
152;4-Methylpentan-2-ol;CC(C)CC(C)O;3.0;0.0;0.0;0.0;0.0;3.0
150;2,4,6-Trimethyl-1,3,5-trioxane;CC1OC(C)OC(C)O1;3.0;0.0;0.0;0.0;0.0;3.0
149;2,2-Dimethoxypropane;COC(C)(C)OC;3.0;0.0;0.0;0.0;0.0;3.0
147;Hexan-3-ol;CCCC(O)CC;3.0;0.0;0.0;0.0;0.0;3.0
175;furan-2-ylmethanol;OCc1occc1;1.0;0.0;1.0;0.0;0.0;2.0
158;1-(1-propoxypropan-2-yloxy)propan-2-ol;CCCOCC(C)OCC(C)O;2.0;0.0;0.0;0.0;0.0;2.0
156;PHENOL;Oc1ccccc1;2.0;0.0;0.0;0.0;0.0;2.0
163;2-propan-2-yloxyethanol;CC(C)OCCO;1.0;0.0;1.0;0.0;0.0;2.0
200;1,4-di(phenyl)benzene;c1ccc(cc1)c2ccc(cc2)c3ccccc3;0.0;1.0;0.0;0.0;1.0;2.0
218;Dodecane-1,12-diol;OCCCCCCCCCCCCO;0.0;0.0;0.0;0.0;2.0;2.0
157;2-Ethoxy-2-methylbutane;CCOC(C)(C)CC;2.0;0.0;0.0;0.0;0.0;2.0
174;2-(2-methoxypropoxy)propan-1-ol;COC(C)COC(C)CO;1.0;0.0;1.0;0.0;0.0;2.0
166;1-methoxy-2-(2-methoxypropoxy)propane;COCC(C)OCC(C)OC;1.0;0.0;1.0;0.0;0.0;2.0
169;oxolan-2-ylmethanol;OCC1CCCO1;1.0;0.0;1.0;0.0;0.0;2.0
171;2-(furan-2-ylmethyl)furan;C(c1occc1)c2occc2;1.0;0.0;1.0;0.0;0.0;2.0
241;HEXACOSANE;CCCCCCCCCCCCCCCCCCCCCCCCCC;0.0;0.0;0.0;0.0;1.0;1.0
240;5-Methyl-1,3-benzodioxole;Cc1ccc2OCOc2c1;0.0;0.0;0.0;0.0;1.0;1.0
243;Hentriacontane;CCCCCCCCCCCCCCCCCCCCCCCCCCCCCCC;0.0;0.0;0.0;0.0;1.0;1.0
239;HEPTACOSANE;CCCCCCCCCCCCCCCCCCCCCCCCCCC;0.0;0.0;0.0;0.0;1.0;1.0
238;Hexacosan-1-ol;CCCCCCCCCCCCCCCCCCCCCCCCCCO;0.0;0.0;0.0;0.0;1.0;1.0
237;Pentatriacontane;CCCCCCCCCCCCCCCCCCCCCCCCCCCCCCCCCCC;0.0;0.0;0.0;0.0;1.0;1.0
244;2,5-Dimethylhexane-2,5-diol;CC(C)(O)CCC(C)(C)O;0.0;0.0;0.0;0.0;1.0;1.0
245;TRIACONTANE;CCCCCCCCCCCCCCCCCCCCCCCCCCCCCC;0.0;0.0;0.0;0.0;1.0;1.0
236;PENTACOSANE;CCCCCCCCCCCCCCCCCCCCCCCCC;0.0;0.0;0.0;0.0;1.0;1.0
235;ANTHRACENE;c1ccc2cc3ccccc3cc2c1;0.0;0.0;0.0;0.0;1.0;1.0
234;Phenanthrene;c1ccc2c(c1)ccc3ccccc23;0.0;0.0;0.0;0.0;1.0;1.0
242;1-Methyl-2-phenylbenzene;Cc1ccccc1c2ccccc2;0.0;0.0;0.0;0.0;1.0;1.0
248;Tetratriacontane;CCCCCCCCCCCCCCCCCCCCCCCCCCCCCCCCCC;0.0;0.0;0.0;0.0;1.0;1.0
246;tridecan-1-ol;CCCCCCCCCCCCCO;0.0;0.0;0.0;0.0;1.0;1.0
258;1-Phenylnaphthalene;c1ccc(cc1)c2cccc3ccccc23;0.0;0.0;0.0;0.0;1.0;1.0
267;NAPHTHALENE;c1ccc2ccccc2c1;0.0;0.0;0.0;0.0;1.0;1.0
266;FLUORANTHENE;c1ccc2c(c1)c3cccc4cccc2c34;0.0;0.0;0.0;0.0;1.0;1.0
265;Phenylbenzene;c1ccc(cc1)c2ccccc2;0.0;0.0;0.0;0.0;1.0;1.0
264;Tetracosane;CCCCCCCCCCCCCCCCCCCCCCCC;0.0;0.0;0.0;0.0;1.0;1.0
263;Hexadecan-1-ol;CCCCCCCCCCCCCCCCO;0.0;0.0;0.0;0.0;1.0;1.0
262;pentadecan-1-ol;CCCCCCCCCCCCCCCO;0.0;0.0;0.0;0.0;1.0;1.0
261;TETRACONTANE;CCCCCCCCCCCCCCCCCCCCCCCCCCCCCCCCCCCCCCCC;0.0;0.0;0.0;0.0;1.0;1.0
260;Acenaphthene;C1Cc2cccc3cccc1c23;0.0;0.0;0.0;0.0;1.0;1.0
259;Icosan-1-ol;CCCCCCCCCCCCCCCCCCCCO;0.0;0.0;0.0;0.0;1.0;1.0
257;Tricosane;CCCCCCCCCCCCCCCCCCCCCCC;0.0;0.0;0.0;0.0;1.0;1.0
247;2,3-Dimethoxyphenol;COc1cccc(O)c1OC;0.0;0.0;0.0;0.0;1.0;1.0
256;1-methyl-3-phenylbenzene;Cc1cccc(c1)c2ccccc2;0.0;0.0;0.0;0.0;1.0;1.0
255;Nonacosane;CCCCCCCCCCCCCCCCCCCCCCCCCCCCC;0.0;0.0;0.0;0.0;1.0;1.0
254;Perylene;c1cc2cccc3c4cccc5cccc(c(c1)c23)c45;0.0;0.0;0.0;0.0;1.0;1.0
253;heptadecan-1-ol;CCCCCCCCCCCCCCCCCO;0.0;0.0;0.0;0.0;1.0;1.0
252;tetradecane-1,14-diol;OCCCCCCCCCCCCCCO;0.0;0.0;0.0;0.0;1.0;1.0
251;Tritriacontane;CCCCCCCCCCCCCCCCCCCCCCCCCCCCCCCCC;0.0;0.0;0.0;0.0;1.0;1.0
250;2-Methoxyphenol;COc1ccccc1O;0.0;0.0;0.0;0.0;1.0;1.0
249;docosan-1-ol;CCCCCCCCCCCCCCCCCCCCCCO;0.0;0.0;0.0;0.0;1.0;1.0
232;Heptatriacontane;CCCCCCCCCCCCCCCCCCCCCCCCCCCCCCCCCCCCC;0.0;0.0;0.0;0.0;1.0;1.0
233;1,2,3,4,5,6-hexamethylbenzene;Cc1c(C)c(C)c(C)c(C)c1C;0.0;0.0;0.0;0.0;1.0;1.0
223;DOTRIACONTANE;CCCCCCCCCCCCCCCCCCCCCCCCCCCCCCCC;0.0;0.0;0.0;0.0;1.0;1.0
231;tetradecan-1-ol;CCCCCCCCCCCCCCO;0.0;0.0;0.0;0.0;1.0;1.0
199;nonan-3-ol;CCCCCCC(O)CC;0.0;1.0;0.0;0.0;0.0;1.0
197;Octan-4-ol;CCCCC(O)CCC;0.0;1.0;0.0;0.0;0.0;1.0
196;1-phenyl-4-(4-phenylphenyl)benzene;c1ccc(cc1)c2ccc(cc2)c3ccc(cc3)c4ccccc4;0.0;1.0;0.0;0.0;0.0;1.0
195;nonan-4-ol;CCCCCC(O)CCC;0.0;1.0;0.0;0.0;0.0;1.0
194;Nonan-5-ol;CCCCC(O)CCCC;0.0;1.0;0.0;0.0;0.0;1.0
193;Heptan-4-ol;CCCC(O)CCC;0.0;1.0;0.0;0.0;0.0;1.0
192;1,3,5-tri(phenyl)benzene;c1ccc(cc1)c2cc(cc(c2)c3ccccc3)c4ccccc4;0.0;1.0;0.0;0.0;0.0;1.0
191;octan-3-ol;CCCCCC(O)CC;0.0;1.0;0.0;0.0;0.0;1.0
190;;O[C@H]1CC[C@H](O)CC1;0.0;1.0;0.0;0.0;0.0;1.0
189;1,3-di(phenyl)benzene;c1ccc(cc1)c2cccc(c2)c3ccccc3;0.0;1.0;0.0;0.0;0.0;1.0
188;1,2,3-tri(phenyl)benzene;c1ccc(cc1)c2cccc(c3ccccc3)c2c4ccccc4;0.0;1.0;0.0;0.0;0.0;1.0
167;2-Methylnaphthalene;Cc1ccc2ccccc2c1;1.0;0.0;0.0;0.0;0.0;1.0
168;phenylmethoxymethylbenzene;C(OCc1ccccc1)c2ccccc2;1.0;0.0;0.0;0.0;0.0;1.0
170;1-pentoxypentane;CCCCCOCCCCC;1.0;0.0;0.0;0.0;0.0;1.0
172;3-Phenylpropan-1-ol;OCCCc1ccccc1;1.0;0.0;0.0;0.0;0.0;1.0
173;1,2-Diethoxyethane;CCOCCOCC;1.0;0.0;0.0;0.0;0.0;1.0
198;NONAN-2-OL;CCCCCCCC(C)O;0.0;1.0;0.0;0.0;0.0;1.0
165;(2,2-Dimethyl-1,3-dioxolan-4-yl)methanol;CC1(C)OCC(CO)O1;1.0;0.0;0.0;0.0;0.0;1.0
230;Docosane;CCCCCCCCCCCCCCCCCCCCCC;0.0;0.0;0.0;0.0;1.0;1.0
164;2-butoxy-2-methylpropane;CCCCOC(C)(C)C;1.0;0.0;0.0;0.0;0.0;1.0
229;Octacosane;CCCCCCCCCCCCCCCCCCCCCCCCCCCC;0.0;0.0;0.0;0.0;1.0;1.0
228;3-Methoxyphenol;COc1cccc(O)c1;0.0;0.0;0.0;0.0;1.0;1.0
227;1-tert-butyl-4-(4-tert-butylphenyl)benzene;CC(C)(C)c1ccc(cc1)c2ccc(cc2)C(C)(C)C;0.0;0.0;0.0;0.0;1.0;1.0
226;HEXATRIACONTANE;CCCCCCCCCCCCCCCCCCCCCCCCCCCCCCCCCCCC;0.0;0.0;0.0;0.0;1.0;1.0
225;Chrysene;c1ccc2c(c1)ccc3c4ccccc4ccc23;0.0;0.0;0.0;0.0;1.0;1.0
224;Hexadecane-1,16-diol;OCCCCCCCCCCCCCCCCO;0.0;0.0;0.0;0.0;1.0;1.0
222;Decane-1,10-diol;OCCCCCCCCCCO;0.0;0.0;0.0;0.0;1.0;1.0
221;Henicosane;CCCCCCCCCCCCCCCCCCCCC;0.0;0.0;0.0;0.0;1.0;1.0
220;Octatriacontane;CCCCCCCCCCCCCCCCCCCCCCCCCCCCCCCCCCCCCC;0.0;0.0;0.0;0.0;1.0;1.0
219;heptadecan-9-ol;CCCCCCCCC(O)CCCCCCCC;0.0;0.0;0.0;0.0;1.0;1.0
213;1,2,3,4,4a,5,6,7,8,8a-decahydronaphthalene;C1CCC2CCCCC2C1;0.0;0.0;1.0;0.0;0.0;1.0
212;1-[2-(2-butoxyethoxy)ethoxy]butane;CCCCOCCOCCOCCCC;0.0;0.0;1.0;0.0;0.0;1.0
159;2-(2-Propoxyethoxy)ethanol;CCCOCCOCCO;1.0;0.0;0.0;0.0;0.0;1.0
160;2,2-Dimethyl-1,3-dioxolane;CC1(C)OCCO1;1.0;0.0;0.0;0.0;0.0;1.0
161;1-Ethyl-2-methylbenzene;CCc1ccccc1C;1.0;0.0;0.0;0.0;0.0;1.0
268;Octadecan-1-ol;CCCCCCCCCCCCCCCCCCO;0.0;0.0;0.0;0.0;1.0;1.0
