;filename;components;SMILES;CAS;InChI;Temperature, K;Pressure, kPa;Relative permittivity at zero frequency;Relative permittivity at zero frequency_std
118521;j.jct.2007.09.004;ethanol, 2-propoxy-;CCCOCCO;83855-85-0;InChIKey=YEYKMVJDLWJFOA-UHFFFAOYSA-N;293.15;101.0;11.76;0.02
118522;j.jct.2007.09.004;ethanol, 2-propoxy-;CCCOCCO;83855-85-0;InChIKey=YEYKMVJDLWJFOA-UHFFFAOYSA-N;298.15;101.0;11.5;0.02
118523;j.jct.2007.09.004;ethanol, 2-propoxy-;CCCOCCO;83855-85-0;InChIKey=YEYKMVJDLWJFOA-UHFFFAOYSA-N;303.15;101.0;11.19;0.02
118527;j.jct.2007.09.004;bis(2-hydroxyethyl) ether;OCCOCCO;111-46-6;InChIKey=MTHSVFCYNBDYFN-UHFFFAOYSA-N;293.15;101.0;31.81;0.02
118528;j.jct.2007.09.004;bis(2-hydroxyethyl) ether;OCCOCCO;111-46-6;InChIKey=MTHSVFCYNBDYFN-UHFFFAOYSA-N;298.15;101.0;30.95;0.02
118529;j.jct.2007.09.004;bis(2-hydroxyethyl) ether;OCCOCCO;111-46-6;InChIKey=MTHSVFCYNBDYFN-UHFFFAOYSA-N;303.15;101.0;30.03;0.02
118533;j.jct.2007.09.004;triethylene glycol;OCCOCCOCCO;118662-30-9;InChIKey=ZIBGPFATKBEMQZ-UHFFFAOYSA-N;293.15;101.0;23.69;0.02
118534;j.jct.2007.09.004;triethylene glycol;OCCOCCOCCO;118662-30-9;InChIKey=ZIBGPFATKBEMQZ-UHFFFAOYSA-N;298.15;101.0;23.07;0.02
118535;j.jct.2007.09.004;triethylene glycol;OCCOCCOCCO;118662-30-9;InChIKey=ZIBGPFATKBEMQZ-UHFFFAOYSA-N;303.15;101.0;22.43;0.02
118539;j.jct.2007.09.004;tetraethylene glycol;OCCOCCOCCOCCO;79688-08-7;InChIKey=UWHCKJMYHZGTIT-UHFFFAOYSA-N;293.15;101.325;20.44;0.02
118540;j.jct.2007.09.004;tetraethylene glycol;OCCOCCOCCOCCO;79688-08-7;InChIKey=UWHCKJMYHZGTIT-UHFFFAOYSA-N;298.15;101.325;19.91;0.02
118541;j.jct.2007.09.004;tetraethylene glycol;OCCOCCOCCOCCO;79688-08-7;InChIKey=UWHCKJMYHZGTIT-UHFFFAOYSA-N;303.15;101.325;19.35;0.02
133409;j.jct.2008.02.015;triglyme;COCCOCCOCCOC;70992-85-7;InChIKey=YFNKIDBQEZZDLK-UHFFFAOYSA-N;288.15;101.325;7.884;0.07884
133410;j.jct.2008.02.015;triglyme;COCCOCCOCCOC;70992-85-7;InChIKey=YFNKIDBQEZZDLK-UHFFFAOYSA-N;298.15;101.325;7.578;0.07578
133411;j.jct.2008.02.015;triglyme;COCCOCCOCCOC;70992-85-7;InChIKey=YFNKIDBQEZZDLK-UHFFFAOYSA-N;308.15;101.325;7.328;0.07328
133412;j.jct.2008.02.015;triglyme;COCCOCCOCCOC;70992-85-7;InChIKey=YFNKIDBQEZZDLK-UHFFFAOYSA-N;318.15;101.325;7.093;0.07093
133413;j.jct.2008.02.015;triglyme;COCCOCCOCCOC;70992-85-7;InChIKey=YFNKIDBQEZZDLK-UHFFFAOYSA-N;328.15;101.325;6.896;0.06896
133419;j.jct.2008.02.015;dimethyl carbonate;COC(=O)OC;616-38-6;InChIKey=IEJIGPNLZYLLBP-UHFFFAOYSA-N;288.15;101.325;3.131;0.03131
133420;j.jct.2008.02.015;dimethyl carbonate;COC(=O)OC;616-38-6;InChIKey=IEJIGPNLZYLLBP-UHFFFAOYSA-N;298.15;101.325;3.134;0.03134
133421;j.jct.2008.02.015;dimethyl carbonate;COC(=O)OC;616-38-6;InChIKey=IEJIGPNLZYLLBP-UHFFFAOYSA-N;308.15;101.325;3.141;0.03141
133422;j.jct.2008.02.015;dimethyl carbonate;COC(=O)OC;616-38-6;InChIKey=IEJIGPNLZYLLBP-UHFFFAOYSA-N;318.15;101.325;3.147;0.03147
133423;j.jct.2008.02.015;dimethyl carbonate;COC(=O)OC;616-38-6;InChIKey=IEJIGPNLZYLLBP-UHFFFAOYSA-N;328.15;101.325;3.149;0.03149
133429;j.jct.2008.02.015;diethyl carbonate;CCOC(=O)OCC;105-58-8;InChIKey=OIFBSDVPJOWBCH-UHFFFAOYSA-N;288.15;101.325;2.841;0.02841
133430;j.jct.2008.02.015;diethyl carbonate;CCOC(=O)OCC;105-58-8;InChIKey=OIFBSDVPJOWBCH-UHFFFAOYSA-N;298.15;101.325;2.834;0.02834
133431;j.jct.2008.02.015;diethyl carbonate;CCOC(=O)OCC;105-58-8;InChIKey=OIFBSDVPJOWBCH-UHFFFAOYSA-N;308.15;101.325;2.836;0.02836
133432;j.jct.2008.02.015;diethyl carbonate;CCOC(=O)OCC;105-58-8;InChIKey=OIFBSDVPJOWBCH-UHFFFAOYSA-N;318.15;101.325;2.837;0.02837
133433;j.jct.2008.02.015;diethyl carbonate;CCOC(=O)OCC;105-58-8;InChIKey=OIFBSDVPJOWBCH-UHFFFAOYSA-N;328.15;101.325;2.839;0.02839
144938;j.jct.2008.09.006;nonane;CCCCCCCCC;111-84-2;InChIKey=BKIMMITUMNQMOS-UHFFFAOYSA-N;288.15;101.325;1.993;0.01993
144939;j.jct.2008.09.006;nonane;CCCCCCCCC;111-84-2;InChIKey=BKIMMITUMNQMOS-UHFFFAOYSA-N;298.15;101.325;1.98;0.0198
144940;j.jct.2008.09.006;nonane;CCCCCCCCC;111-84-2;InChIKey=BKIMMITUMNQMOS-UHFFFAOYSA-N;308.15;101.325;1.966;0.01966
144941;j.jct.2008.09.006;nonane;CCCCCCCCC;111-84-2;InChIKey=BKIMMITUMNQMOS-UHFFFAOYSA-N;318.15;101.325;1.953;0.01953
144942;j.jct.2008.09.006;nonane;CCCCCCCCC;111-84-2;InChIKey=BKIMMITUMNQMOS-UHFFFAOYSA-N;328.15;101.325;1.94;0.0194
144943;j.jct.2008.09.006;nonane;CCCCCCCCC;111-84-2;InChIKey=BKIMMITUMNQMOS-UHFFFAOYSA-N;338.15;101.325;1.927;0.01927
144950;j.jct.2008.09.006;1,2-dimethoxyethane;COCCOC;173201-80-4;InChIKey=XTHFKEDIFFGKHM-UHFFFAOYSA-N;288.15;101.325;7.408;0.07408
144951;j.jct.2008.09.006;1,2-dimethoxyethane;COCCOC;173201-80-4;InChIKey=XTHFKEDIFFGKHM-UHFFFAOYSA-N;298.15;101.325;7.069;0.07069
144952;j.jct.2008.09.006;1,2-dimethoxyethane;COCCOC;173201-80-4;InChIKey=XTHFKEDIFFGKHM-UHFFFAOYSA-N;308.15;101.325;6.757;0.06757
144953;j.jct.2008.09.006;1,2-dimethoxyethane;COCCOC;173201-80-4;InChIKey=XTHFKEDIFFGKHM-UHFFFAOYSA-N;318.15;101.325;6.456;0.06456
144954;j.jct.2008.09.006;1,2-dimethoxyethane;COCCOC;173201-80-4;InChIKey=XTHFKEDIFFGKHM-UHFFFAOYSA-N;328.15;101.325;6.184;0.06184
144955;j.jct.2008.09.006;1,2-dimethoxyethane;COCCOC;173201-80-4;InChIKey=XTHFKEDIFFGKHM-UHFFFAOYSA-N;338.15;101.325;5.922;0.05922
144965;j.jct.2008.09.006;2,5,8-trioxanonane;COCCOCCOC;142939-39-7;InChIKey=SBZXBUIDTXKZTM-UHFFFAOYSA-N;288.15;101.325;7.648;0.07648
144966;j.jct.2008.09.006;2,5,8-trioxanonane;COCCOCCOC;142939-39-7;InChIKey=SBZXBUIDTXKZTM-UHFFFAOYSA-N;298.15;101.325;7.363;0.07363
144967;j.jct.2008.09.006;2,5,8-trioxanonane;COCCOCCOC;142939-39-7;InChIKey=SBZXBUIDTXKZTM-UHFFFAOYSA-N;308.15;101.325;7.116;0.07116
144968;j.jct.2008.09.006;2,5,8-trioxanonane;COCCOCCOC;142939-39-7;InChIKey=SBZXBUIDTXKZTM-UHFFFAOYSA-N;318.15;101.325;6.886;0.06886
144969;j.jct.2008.09.006;2,5,8-trioxanonane;COCCOCCOC;142939-39-7;InChIKey=SBZXBUIDTXKZTM-UHFFFAOYSA-N;328.15;101.325;6.637;0.06637
144970;j.jct.2008.09.006;2,5,8-trioxanonane;COCCOCCOC;142939-39-7;InChIKey=SBZXBUIDTXKZTM-UHFFFAOYSA-N;338.15;101.325;6.404;0.06404
199698;j.jct.2010.09.008;heptane;CCCCCCC;142-82-5;InChIKey=IMNFDUFMRHMDMM-UHFFFAOYSA-N;288.15;101.325;1.94;0.0194
199699;j.jct.2010.09.008;heptane;CCCCCCC;142-82-5;InChIKey=IMNFDUFMRHMDMM-UHFFFAOYSA-N;298.15;101.325;1.93;0.0193
199700;j.jct.2010.09.008;heptane;CCCCCCC;142-82-5;InChIKey=IMNFDUFMRHMDMM-UHFFFAOYSA-N;308.15;101.325;1.92;0.0192
199704;j.jct.2010.09.008;1,2-dimethoxyethane;COCCOC;173201-80-4;InChIKey=XTHFKEDIFFGKHM-UHFFFAOYSA-N;288.15;101.325;7.41;0.0741
199705;j.jct.2010.09.008;1,2-dimethoxyethane;COCCOC;173201-80-4;InChIKey=XTHFKEDIFFGKHM-UHFFFAOYSA-N;298.15;101.325;7.07;0.0707
199706;j.jct.2010.09.008;1,2-dimethoxyethane;COCCOC;173201-80-4;InChIKey=XTHFKEDIFFGKHM-UHFFFAOYSA-N;308.15;101.325;6.75;0.0675
199710;j.jct.2010.09.008;2,5,8-trioxanonane;COCCOCCOC;142939-39-7;InChIKey=SBZXBUIDTXKZTM-UHFFFAOYSA-N;288.15;101.325;7.69;0.0769
199711;j.jct.2010.09.008;2,5,8-trioxanonane;COCCOCCOC;142939-39-7;InChIKey=SBZXBUIDTXKZTM-UHFFFAOYSA-N;298.15;101.325;7.4;0.074
199712;j.jct.2010.09.008;2,5,8-trioxanonane;COCCOCCOC;142939-39-7;InChIKey=SBZXBUIDTXKZTM-UHFFFAOYSA-N;308.15;101.325;7.12;0.0712
199716;j.jct.2010.09.008;triglyme;COCCOCCOCCOC;70992-85-7;InChIKey=YFNKIDBQEZZDLK-UHFFFAOYSA-N;288.15;101.325;7.89;0.0789
199717;j.jct.2010.09.008;triglyme;COCCOCCOCCOC;70992-85-7;InChIKey=YFNKIDBQEZZDLK-UHFFFAOYSA-N;298.15;101.325;7.63;0.0763
199718;j.jct.2010.09.008;triglyme;COCCOCCOCCOC;70992-85-7;InChIKey=YFNKIDBQEZZDLK-UHFFFAOYSA-N;308.15;101.325;7.38;0.0738
199722;j.jct.2010.09.008;dimethoxytetraglycol;COCCOCCOCCOCCOC;143-24-8;InChIKey=ZUHZGEOKBKGPSW-UHFFFAOYSA-N;288.15;101.325;8.04;0.0804
199723;j.jct.2010.09.008;dimethoxytetraglycol;COCCOCCOCCOCCOC;143-24-8;InChIKey=ZUHZGEOKBKGPSW-UHFFFAOYSA-N;298.15;101.325;7.78;0.0778
199724;j.jct.2010.09.008;dimethoxytetraglycol;COCCOCCOCCOCCOC;143-24-8;InChIKey=ZUHZGEOKBKGPSW-UHFFFAOYSA-N;308.15;101.325;7.55;0.0755
233860;j.jct.2011.07.021;2-ethyl-1-hexanol;CCCCC(CC)CO;704-76-7;InChIKey=YIWUKEYIRIRTPP-UHFFFAOYSA-N;298.2;101.325;7.353;0.005
233861;j.jct.2011.07.021;2-ethyl-1-hexanol;CCCCC(CC)CO;704-76-7;InChIKey=YIWUKEYIRIRTPP-UHFFFAOYSA-N;308.2;101.325;6.361;0.005
233862;j.jct.2011.07.021;2-ethyl-1-hexanol;CCCCC(CC)CO;704-76-7;InChIKey=YIWUKEYIRIRTPP-UHFFFAOYSA-N;318.2;101.325;5.522;0.005
233878;j.jct.2011.07.021;1,4-dioxane;C1COCCO1;28347-88-8;InChIKey=RYHBNJHYFVUHQT-UHFFFAOYSA-N;298.2;101.325;2.228;0.005
233879;j.jct.2011.07.021;1,4-dioxane;C1COCCO1;28347-88-8;InChIKey=RYHBNJHYFVUHQT-UHFFFAOYSA-N;308.2;101.325;2.21;0.005
233880;j.jct.2011.07.021;1,4-dioxane;C1COCCO1;28347-88-8;InChIKey=RYHBNJHYFVUHQT-UHFFFAOYSA-N;318.2;101.325;2.187;0.005
538737;j.fluid.2008.01.024;glycerol;OCC(O)CO;8043-29-6;InChIKey=PEDCQBHIVMGVHV-UHFFFAOYSA-N;303.15;101.0;41.17;0.12351
538738;j.fluid.2008.01.024;formamide;NC=O;23296-41-5;InChIKey=ZHNUHDYFZUAESO-UHFFFAOYSA-N;303.15;101.0;106.14;0.31842
538739;j.fluid.2008.01.024;N,N-dimethylformamide;CN(C)C=O;68-12-2;InChIKey=ZMXDDKWLCZADIW-UHFFFAOYSA-N;303.15;101.0;36.55;0.10965
538740;j.fluid.2008.01.024;N,N-dimethylacetamide;CN(C)C(C)=O;127-19-5;InChIKey=FXHOOIRPVKKKFG-UHFFFAOYSA-N;303.15;101.0;37.72;0.11316
538741;j.fluid.2008.01.024;2-aminoethanol;NCCO;9007-33-4;InChIKey=HZAXFHJVJLSVMW-UHFFFAOYSA-N;303.15;101.0;31.46;0.09438
538742;j.fluid.2008.01.024;2-dimethylaminoethanol;CN(C)CCO;108-01-0;InChIKey=UEEJHVSXFDXPFK-UHFFFAOYSA-N;303.15;101.0;17.18;0.05154
559777;j.fluid.2009.07.009;2-dimethylaminoethanol;CN(C)CCO;108-01-0;InChIKey=UEEJHVSXFDXPFK-UHFFFAOYSA-N;303.15;101.325;17.18;0.05154
559778;j.fluid.2009.07.009;ethanol;CCO;121182-78-3;InChIKey=LFQSCWFLJHTTHZ-UHFFFAOYSA-N;303.15;101.325;23.87;0.07161
559779;j.fluid.2009.07.009;1,2-ethanediol;OCCO;37221-95-7;InChIKey=LYCAIKOWRPUZTN-UHFFFAOYSA-N;303.15;101.325;39.84;0.11952
559780;j.fluid.2009.07.009;glycerol;OCC(O)CO;8043-29-6;InChIKey=PEDCQBHIVMGVHV-UHFFFAOYSA-N;303.15;101.325;41.17;0.12351
559781;j.fluid.2009.07.009;formamide;NC=O;23296-41-5;InChIKey=ZHNUHDYFZUAESO-UHFFFAOYSA-N;303.15;101.325;106.14;0.31842
559782;j.fluid.2009.07.009;N,N-dimethylformamide;CN(C)C=O;68-12-2;InChIKey=ZMXDDKWLCZADIW-UHFFFAOYSA-N;303.15;101.325;36.55;0.10965
559783;j.fluid.2009.07.009;N,N-dimethylacetamide;CN(C)C(C)=O;127-19-5;InChIKey=FXHOOIRPVKKKFG-UHFFFAOYSA-N;303.15;101.325;37.72;0.11316
949771;je060248p;methanol;CO;54841-71-3;InChIKey=OKKJLVBELUTLKV-UHFFFAOYSA-N;298.15;50000.0;34.43;0.03443
949772;je060248p;methanol;CO;54841-71-3;InChIKey=OKKJLVBELUTLKV-UHFFFAOYSA-N;298.15;100000.0;35.7;0.0357
949779;je060248p;ethanol;CCO;121182-78-3;InChIKey=LFQSCWFLJHTTHZ-UHFFFAOYSA-N;298.15;50000.0;25.56;0.02556
949780;je060248p;ethanol;CCO;121182-78-3;InChIKey=LFQSCWFLJHTTHZ-UHFFFAOYSA-N;298.15;100000.0;26.46;0.02646
949787;je060248p;1-propanol;CCCO;71-23-8;InChIKey=BDERNNFJNOPAEC-UHFFFAOYSA-N;298.15;50000.0;21.3;0.0213
949788;je060248p;1-propanol;CCCO;71-23-8;InChIKey=BDERNNFJNOPAEC-UHFFFAOYSA-N;298.15;100000.0;21.98;0.02198
949795;je060248p;1-butanol;CCCCO;107569-51-7;InChIKey=LRHPLDYGYMQRHN-UHFFFAOYSA-N;298.15;50000.0;18.29;0.01829
949796;je060248p;1-butanol;CCCCO;107569-51-7;InChIKey=LRHPLDYGYMQRHN-UHFFFAOYSA-N;298.15;100000.0;18.87;0.01887
949803;je060248p;1-pentanol;CCCCCO;71-41-0;InChIKey=AMQJEAYHLZJPGS-UHFFFAOYSA-N;298.15;50000.0;15.62;0.01562
949804;je060248p;1-pentanol;CCCCCO;71-41-0;InChIKey=AMQJEAYHLZJPGS-UHFFFAOYSA-N;298.15;100000.0;16.12;0.01612
949811;je060248p;1-hexanol;CCCCCCO;25917-35-5;InChIKey=ZSIAUFGUXNUGDI-UHFFFAOYSA-N;298.15;50000.0;13.63;0.01363
949812;je060248p;1-hexanol;CCCCCCO;25917-35-5;InChIKey=ZSIAUFGUXNUGDI-UHFFFAOYSA-N;298.15;100000.0;14.07;0.01407
949819;je060248p;1-heptanol;CCCCCCCO;53535-33-4;InChIKey=BBMCTIGTTCKYKF-UHFFFAOYSA-N;298.15;50000.0;11.92;0.01192
949820;je060248p;1-heptanol;CCCCCCCO;53535-33-4;InChIKey=BBMCTIGTTCKYKF-UHFFFAOYSA-N;298.15;100000.0;12.32;0.01232
949827;je060248p;1-octanol;CCCCCCCCO;220713-26-8;InChIKey=KBPLFHHGFOOTCA-UHFFFAOYSA-N;298.15;50000.0;10.48;0.01048
949828;je060248p;1-octanol;CCCCCCCCO;220713-26-8;InChIKey=KBPLFHHGFOOTCA-UHFFFAOYSA-N;298.15;100000.0;10.84;0.01084
984409;je060283w;methoxymethane;COC;115-10-6;InChIKey=LCGLNKUTAGEVQW-UHFFFAOYSA-N;303.7;6300.0;5.34;0.01
984410;je060283w;methoxymethane;COC;115-10-6;InChIKey=LCGLNKUTAGEVQW-UHFFFAOYSA-N;303.7;8000.0;5.37;0.01
984411;je060283w;methoxymethane;COC;115-10-6;InChIKey=LCGLNKUTAGEVQW-UHFFFAOYSA-N;303.7;10200.0;5.41;0.01
984412;je060283w;methoxymethane;COC;115-10-6;InChIKey=LCGLNKUTAGEVQW-UHFFFAOYSA-N;303.7;12200.0;5.44;0.01
984413;je060283w;methoxymethane;COC;115-10-6;InChIKey=LCGLNKUTAGEVQW-UHFFFAOYSA-N;303.7;14200.0;5.47;0.01
984414;je060283w;methoxymethane;COC;115-10-6;InChIKey=LCGLNKUTAGEVQW-UHFFFAOYSA-N;303.7;16300.0;5.5;0.01
984415;je060283w;methoxymethane;COC;115-10-6;InChIKey=LCGLNKUTAGEVQW-UHFFFAOYSA-N;303.7;17600.0;5.52;0.01
984416;je060283w;methoxymethane;COC;115-10-6;InChIKey=LCGLNKUTAGEVQW-UHFFFAOYSA-N;303.7;20200.0;5.56;0.01
984417;je060283w;methoxymethane;COC;115-10-6;InChIKey=LCGLNKUTAGEVQW-UHFFFAOYSA-N;303.7;22400.0;5.59;0.01
984418;je060283w;methoxymethane;COC;115-10-6;InChIKey=LCGLNKUTAGEVQW-UHFFFAOYSA-N;303.7;24200.0;5.62;0.01
984419;je060283w;methoxymethane;COC;115-10-6;InChIKey=LCGLNKUTAGEVQW-UHFFFAOYSA-N;303.7;25900.0;5.64;0.01
984420;je060283w;methoxymethane;COC;115-10-6;InChIKey=LCGLNKUTAGEVQW-UHFFFAOYSA-N;303.7;27500.0;5.66;0.01
984421;je060283w;methoxymethane;COC;115-10-6;InChIKey=LCGLNKUTAGEVQW-UHFFFAOYSA-N;313.3;2300.0;5.0;0.01
984422;je060283w;methoxymethane;COC;115-10-6;InChIKey=LCGLNKUTAGEVQW-UHFFFAOYSA-N;313.3;4400.0;5.05;0.01
984423;je060283w;methoxymethane;COC;115-10-6;InChIKey=LCGLNKUTAGEVQW-UHFFFAOYSA-N;313.3;6300.0;5.1;0.01
984424;je060283w;methoxymethane;COC;115-10-6;InChIKey=LCGLNKUTAGEVQW-UHFFFAOYSA-N;313.3;8300.0;5.14;0.01
984425;je060283w;methoxymethane;COC;115-10-6;InChIKey=LCGLNKUTAGEVQW-UHFFFAOYSA-N;313.3;10200.0;5.16;0.01
984426;je060283w;methoxymethane;COC;115-10-6;InChIKey=LCGLNKUTAGEVQW-UHFFFAOYSA-N;313.3;12200.0;5.2;0.01
984427;je060283w;methoxymethane;COC;115-10-6;InChIKey=LCGLNKUTAGEVQW-UHFFFAOYSA-N;313.3;14300.0;5.24;0.01
984428;je060283w;methoxymethane;COC;115-10-6;InChIKey=LCGLNKUTAGEVQW-UHFFFAOYSA-N;313.3;16300.0;5.27;0.01
984429;je060283w;methoxymethane;COC;115-10-6;InChIKey=LCGLNKUTAGEVQW-UHFFFAOYSA-N;313.3;18000.0;5.3;0.01
984430;je060283w;methoxymethane;COC;115-10-6;InChIKey=LCGLNKUTAGEVQW-UHFFFAOYSA-N;313.3;20400.0;5.33;0.01
984431;je060283w;methoxymethane;COC;115-10-6;InChIKey=LCGLNKUTAGEVQW-UHFFFAOYSA-N;313.3;22000.0;5.35;0.01
984432;je060283w;methoxymethane;COC;115-10-6;InChIKey=LCGLNKUTAGEVQW-UHFFFAOYSA-N;313.3;24300.0;5.39;0.01
984433;je060283w;methoxymethane;COC;115-10-6;InChIKey=LCGLNKUTAGEVQW-UHFFFAOYSA-N;313.3;26100.0;5.41;0.01
984434;je060283w;methoxymethane;COC;115-10-6;InChIKey=LCGLNKUTAGEVQW-UHFFFAOYSA-N;313.3;28200.0;5.44;0.01
984435;je060283w;methoxymethane;COC;115-10-6;InChIKey=LCGLNKUTAGEVQW-UHFFFAOYSA-N;313.3;29600.0;5.46;0.01
984436;je060283w;methoxymethane;COC;115-10-6;InChIKey=LCGLNKUTAGEVQW-UHFFFAOYSA-N;323.0;1300.0;4.72;0.01
984437;je060283w;methoxymethane;COC;115-10-6;InChIKey=LCGLNKUTAGEVQW-UHFFFAOYSA-N;323.0;2200.0;4.74;0.01
984438;je060283w;methoxymethane;COC;115-10-6;InChIKey=LCGLNKUTAGEVQW-UHFFFAOYSA-N;323.0;4200.0;4.8;0.01
984439;je060283w;methoxymethane;COC;115-10-6;InChIKey=LCGLNKUTAGEVQW-UHFFFAOYSA-N;323.0;6200.0;4.85;0.01
984440;je060283w;methoxymethane;COC;115-10-6;InChIKey=LCGLNKUTAGEVQW-UHFFFAOYSA-N;323.0;8200.0;4.89;0.01
984441;je060283w;methoxymethane;COC;115-10-6;InChIKey=LCGLNKUTAGEVQW-UHFFFAOYSA-N;323.0;10400.0;4.93;0.01
984442;je060283w;methoxymethane;COC;115-10-6;InChIKey=LCGLNKUTAGEVQW-UHFFFAOYSA-N;323.0;12400.0;4.97;0.01
984443;je060283w;methoxymethane;COC;115-10-6;InChIKey=LCGLNKUTAGEVQW-UHFFFAOYSA-N;323.0;14200.0;5.01;0.01
984444;je060283w;methoxymethane;COC;115-10-6;InChIKey=LCGLNKUTAGEVQW-UHFFFAOYSA-N;323.0;16400.0;5.04;0.01
984445;je060283w;methoxymethane;COC;115-10-6;InChIKey=LCGLNKUTAGEVQW-UHFFFAOYSA-N;323.0;18300.0;5.07;0.01
984446;je060283w;methoxymethane;COC;115-10-6;InChIKey=LCGLNKUTAGEVQW-UHFFFAOYSA-N;323.0;19800.0;5.1;0.01
984447;je060283w;methoxymethane;COC;115-10-6;InChIKey=LCGLNKUTAGEVQW-UHFFFAOYSA-N;323.0;22000.0;5.13;0.01
984448;je060283w;methoxymethane;COC;115-10-6;InChIKey=LCGLNKUTAGEVQW-UHFFFAOYSA-N;323.0;24000.0;5.17;0.01
984449;je060283w;methoxymethane;COC;115-10-6;InChIKey=LCGLNKUTAGEVQW-UHFFFAOYSA-N;323.0;26300.0;5.2;0.01
984450;je060283w;methoxymethane;COC;115-10-6;InChIKey=LCGLNKUTAGEVQW-UHFFFAOYSA-N;323.0;27900.0;5.23;0.01
984451;je060283w;methoxymethane;COC;115-10-6;InChIKey=LCGLNKUTAGEVQW-UHFFFAOYSA-N;323.0;29400.0;5.25;0.01
984452;je060283w;methoxymethane;COC;115-10-6;InChIKey=LCGLNKUTAGEVQW-UHFFFAOYSA-N;323.0;31200.0;5.27;0.01
984453;je060283w;methoxymethane;COC;115-10-6;InChIKey=LCGLNKUTAGEVQW-UHFFFAOYSA-N;333.4;2200.0;4.46;0.01
984454;je060283w;methoxymethane;COC;115-10-6;InChIKey=LCGLNKUTAGEVQW-UHFFFAOYSA-N;333.4;4300.0;4.52;0.01
984455;je060283w;methoxymethane;COC;115-10-6;InChIKey=LCGLNKUTAGEVQW-UHFFFAOYSA-N;333.4;6400.0;4.58;0.01
984456;je060283w;methoxymethane;COC;115-10-6;InChIKey=LCGLNKUTAGEVQW-UHFFFAOYSA-N;333.4;8300.0;4.62;0.01
984457;je060283w;methoxymethane;COC;115-10-6;InChIKey=LCGLNKUTAGEVQW-UHFFFAOYSA-N;333.4;10200.0;4.67;0.01
984458;je060283w;methoxymethane;COC;115-10-6;InChIKey=LCGLNKUTAGEVQW-UHFFFAOYSA-N;333.4;12200.0;4.71;0.01
984459;je060283w;methoxymethane;COC;115-10-6;InChIKey=LCGLNKUTAGEVQW-UHFFFAOYSA-N;333.4;14000.0;4.74;0.01
984460;je060283w;methoxymethane;COC;115-10-6;InChIKey=LCGLNKUTAGEVQW-UHFFFAOYSA-N;333.4;15800.0;4.78;0.01
984461;je060283w;methoxymethane;COC;115-10-6;InChIKey=LCGLNKUTAGEVQW-UHFFFAOYSA-N;333.4;17200.0;4.81;0.01
984462;je060283w;methoxymethane;COC;115-10-6;InChIKey=LCGLNKUTAGEVQW-UHFFFAOYSA-N;333.4;22000.0;4.89;0.01
984463;je060283w;methoxymethane;COC;115-10-6;InChIKey=LCGLNKUTAGEVQW-UHFFFAOYSA-N;333.4;23800.0;4.92;0.01
984464;je060283w;methoxymethane;COC;115-10-6;InChIKey=LCGLNKUTAGEVQW-UHFFFAOYSA-N;333.4;25800.0;4.95;0.01
984465;je060283w;methoxymethane;COC;115-10-6;InChIKey=LCGLNKUTAGEVQW-UHFFFAOYSA-N;333.4;27600.0;4.97;0.01
984466;je060283w;methoxymethane;COC;115-10-6;InChIKey=LCGLNKUTAGEVQW-UHFFFAOYSA-N;333.4;29400.0;4.99;0.01
984467;je060283w;methoxymethane;COC;115-10-6;InChIKey=LCGLNKUTAGEVQW-UHFFFAOYSA-N;343.2;2600.0;4.21;0.01
984468;je060283w;methoxymethane;COC;115-10-6;InChIKey=LCGLNKUTAGEVQW-UHFFFAOYSA-N;343.2;4000.0;4.25;0.01
984469;je060283w;methoxymethane;COC;115-10-6;InChIKey=LCGLNKUTAGEVQW-UHFFFAOYSA-N;343.2;6000.0;4.32;0.01
984470;je060283w;methoxymethane;COC;115-10-6;InChIKey=LCGLNKUTAGEVQW-UHFFFAOYSA-N;343.2;8200.0;4.38;0.01
984471;je060283w;methoxymethane;COC;115-10-6;InChIKey=LCGLNKUTAGEVQW-UHFFFAOYSA-N;343.2;10200.0;4.43;0.01
984472;je060283w;methoxymethane;COC;115-10-6;InChIKey=LCGLNKUTAGEVQW-UHFFFAOYSA-N;343.2;12200.0;4.48;0.01
984473;je060283w;methoxymethane;COC;115-10-6;InChIKey=LCGLNKUTAGEVQW-UHFFFAOYSA-N;343.2;14400.0;4.52;0.01
984474;je060283w;methoxymethane;COC;115-10-6;InChIKey=LCGLNKUTAGEVQW-UHFFFAOYSA-N;343.2;16300.0;4.56;0.01
984475;je060283w;methoxymethane;COC;115-10-6;InChIKey=LCGLNKUTAGEVQW-UHFFFAOYSA-N;343.2;18000.0;4.59;0.01
984476;je060283w;methoxymethane;COC;115-10-6;InChIKey=LCGLNKUTAGEVQW-UHFFFAOYSA-N;343.2;20200.0;4.64;0.01
984477;je060283w;methoxymethane;COC;115-10-6;InChIKey=LCGLNKUTAGEVQW-UHFFFAOYSA-N;343.2;21900.0;4.67;0.01
984478;je060283w;methoxymethane;COC;115-10-6;InChIKey=LCGLNKUTAGEVQW-UHFFFAOYSA-N;343.2;23400.0;4.69;0.01
984479;je060283w;methoxymethane;COC;115-10-6;InChIKey=LCGLNKUTAGEVQW-UHFFFAOYSA-N;343.2;27700.0;4.76;0.01
984480;je060283w;methoxymethane;COC;115-10-6;InChIKey=LCGLNKUTAGEVQW-UHFFFAOYSA-N;343.2;30400.0;4.8;0.01
984481;je060283w;methoxymethane;COC;115-10-6;InChIKey=LCGLNKUTAGEVQW-UHFFFAOYSA-N;343.2;33200.0;4.84;0.01
984482;je060283w;methoxymethane;COC;115-10-6;InChIKey=LCGLNKUTAGEVQW-UHFFFAOYSA-N;353.1;2200.0;3.92;0.01
984483;je060283w;methoxymethane;COC;115-10-6;InChIKey=LCGLNKUTAGEVQW-UHFFFAOYSA-N;353.1;4000.0;3.98;0.01
984484;je060283w;methoxymethane;COC;115-10-6;InChIKey=LCGLNKUTAGEVQW-UHFFFAOYSA-N;353.1;6400.0;4.07;0.01
984485;je060283w;methoxymethane;COC;115-10-6;InChIKey=LCGLNKUTAGEVQW-UHFFFAOYSA-N;353.1;8200.0;4.13;0.01
984486;je060283w;methoxymethane;COC;115-10-6;InChIKey=LCGLNKUTAGEVQW-UHFFFAOYSA-N;353.1;10200.0;4.19;0.01
984487;je060283w;methoxymethane;COC;115-10-6;InChIKey=LCGLNKUTAGEVQW-UHFFFAOYSA-N;353.1;12200.0;4.24;0.01
984488;je060283w;methoxymethane;COC;115-10-6;InChIKey=LCGLNKUTAGEVQW-UHFFFAOYSA-N;353.1;14200.0;4.29;0.01
984489;je060283w;methoxymethane;COC;115-10-6;InChIKey=LCGLNKUTAGEVQW-UHFFFAOYSA-N;353.1;16100.0;4.33;0.01
984490;je060283w;methoxymethane;COC;115-10-6;InChIKey=LCGLNKUTAGEVQW-UHFFFAOYSA-N;353.1;18200.0;4.38;0.01
984491;je060283w;methoxymethane;COC;115-10-6;InChIKey=LCGLNKUTAGEVQW-UHFFFAOYSA-N;353.1;20000.0;4.42;0.01
984492;je060283w;methoxymethane;COC;115-10-6;InChIKey=LCGLNKUTAGEVQW-UHFFFAOYSA-N;353.1;21800.0;4.45;0.01
984493;je060283w;methoxymethane;COC;115-10-6;InChIKey=LCGLNKUTAGEVQW-UHFFFAOYSA-N;353.1;24000.0;4.49;0.01
984494;je060283w;methoxymethane;COC;115-10-6;InChIKey=LCGLNKUTAGEVQW-UHFFFAOYSA-N;353.1;25800.0;4.52;0.01
984495;je060283w;methoxymethane;COC;115-10-6;InChIKey=LCGLNKUTAGEVQW-UHFFFAOYSA-N;353.1;27700.0;4.55;0.01
984496;je060283w;methoxymethane;COC;115-10-6;InChIKey=LCGLNKUTAGEVQW-UHFFFAOYSA-N;353.1;29800.0;4.58;0.01
984497;je060283w;methoxymethane;COC;115-10-6;InChIKey=LCGLNKUTAGEVQW-UHFFFAOYSA-N;363.4;2800.0;3.63;0.01
984498;je060283w;methoxymethane;COC;115-10-6;InChIKey=LCGLNKUTAGEVQW-UHFFFAOYSA-N;363.4;4200.0;3.71;0.01
984499;je060283w;methoxymethane;COC;115-10-6;InChIKey=LCGLNKUTAGEVQW-UHFFFAOYSA-N;363.4;6200.0;3.8;0.01
984500;je060283w;methoxymethane;COC;115-10-6;InChIKey=LCGLNKUTAGEVQW-UHFFFAOYSA-N;363.4;8000.0;3.88;0.01
984501;je060283w;methoxymethane;COC;115-10-6;InChIKey=LCGLNKUTAGEVQW-UHFFFAOYSA-N;363.4;10200.0;3.95;0.01
984502;je060283w;methoxymethane;COC;115-10-6;InChIKey=LCGLNKUTAGEVQW-UHFFFAOYSA-N;363.4;12200.0;4.01;0.01
984503;je060283w;methoxymethane;COC;115-10-6;InChIKey=LCGLNKUTAGEVQW-UHFFFAOYSA-N;363.4;14200.0;4.06;0.01
984504;je060283w;methoxymethane;COC;115-10-6;InChIKey=LCGLNKUTAGEVQW-UHFFFAOYSA-N;363.4;16000.0;4.11;0.01
984505;je060283w;methoxymethane;COC;115-10-6;InChIKey=LCGLNKUTAGEVQW-UHFFFAOYSA-N;363.4;18000.0;4.16;0.01
984506;je060283w;methoxymethane;COC;115-10-6;InChIKey=LCGLNKUTAGEVQW-UHFFFAOYSA-N;363.4;20000.0;4.2;0.01
984507;je060283w;methoxymethane;COC;115-10-6;InChIKey=LCGLNKUTAGEVQW-UHFFFAOYSA-N;363.4;22000.0;4.24;0.01
984508;je060283w;methoxymethane;COC;115-10-6;InChIKey=LCGLNKUTAGEVQW-UHFFFAOYSA-N;363.4;24000.0;4.28;0.01
984509;je060283w;methoxymethane;COC;115-10-6;InChIKey=LCGLNKUTAGEVQW-UHFFFAOYSA-N;363.4;26000.0;4.31;0.01
984510;je060283w;methoxymethane;COC;115-10-6;InChIKey=LCGLNKUTAGEVQW-UHFFFAOYSA-N;363.4;28000.0;4.35;0.01
984511;je060283w;methoxymethane;COC;115-10-6;InChIKey=LCGLNKUTAGEVQW-UHFFFAOYSA-N;363.4;30500.0;4.4;0.01
984512;je060283w;methoxymethane;COC;115-10-6;InChIKey=LCGLNKUTAGEVQW-UHFFFAOYSA-N;372.9;3400.0;3.38;0.01
984513;je060283w;methoxymethane;COC;115-10-6;InChIKey=LCGLNKUTAGEVQW-UHFFFAOYSA-N;372.9;4200.0;3.44;0.01
984514;je060283w;methoxymethane;COC;115-10-6;InChIKey=LCGLNKUTAGEVQW-UHFFFAOYSA-N;372.9;6100.0;3.57;0.01
984515;je060283w;methoxymethane;COC;115-10-6;InChIKey=LCGLNKUTAGEVQW-UHFFFAOYSA-N;372.9;8300.0;3.66;0.01
984516;je060283w;methoxymethane;COC;115-10-6;InChIKey=LCGLNKUTAGEVQW-UHFFFAOYSA-N;372.9;10200.0;3.73;0.01
984517;je060283w;methoxymethane;COC;115-10-6;InChIKey=LCGLNKUTAGEVQW-UHFFFAOYSA-N;372.9;12200.0;3.81;0.01
984518;je060283w;methoxymethane;COC;115-10-6;InChIKey=LCGLNKUTAGEVQW-UHFFFAOYSA-N;372.9;14400.0;3.88;0.01
984519;je060283w;methoxymethane;COC;115-10-6;InChIKey=LCGLNKUTAGEVQW-UHFFFAOYSA-N;372.9;16200.0;3.91;0.01
984520;je060283w;methoxymethane;COC;115-10-6;InChIKey=LCGLNKUTAGEVQW-UHFFFAOYSA-N;372.9;18300.0;3.96;0.01
984521;je060283w;methoxymethane;COC;115-10-6;InChIKey=LCGLNKUTAGEVQW-UHFFFAOYSA-N;372.9;20000.0;4.0;0.01
984522;je060283w;methoxymethane;COC;115-10-6;InChIKey=LCGLNKUTAGEVQW-UHFFFAOYSA-N;372.9;22300.0;4.05;0.01
984523;je060283w;methoxymethane;COC;115-10-6;InChIKey=LCGLNKUTAGEVQW-UHFFFAOYSA-N;372.9;24100.0;4.09;0.01
984524;je060283w;methoxymethane;COC;115-10-6;InChIKey=LCGLNKUTAGEVQW-UHFFFAOYSA-N;372.9;26200.0;4.14;0.01
984525;je060283w;methoxymethane;COC;115-10-6;InChIKey=LCGLNKUTAGEVQW-UHFFFAOYSA-N;372.9;27800.0;4.16;0.01
984526;je060283w;methoxymethane;COC;115-10-6;InChIKey=LCGLNKUTAGEVQW-UHFFFAOYSA-N;372.9;29200.0;4.18;0.01
984527;je060283w;methoxymethane;COC;115-10-6;InChIKey=LCGLNKUTAGEVQW-UHFFFAOYSA-N;382.9;4000.0;3.08;0.01
984528;je060283w;methoxymethane;COC;115-10-6;InChIKey=LCGLNKUTAGEVQW-UHFFFAOYSA-N;382.9;6200.0;3.31;0.01
984529;je060283w;methoxymethane;COC;115-10-6;InChIKey=LCGLNKUTAGEVQW-UHFFFAOYSA-N;382.9;8100.0;3.43;0.01
984530;je060283w;methoxymethane;COC;115-10-6;InChIKey=LCGLNKUTAGEVQW-UHFFFAOYSA-N;382.9;10000.0;3.53;0.01
984531;je060283w;methoxymethane;COC;115-10-6;InChIKey=LCGLNKUTAGEVQW-UHFFFAOYSA-N;382.9;12300.0;3.62;0.01
984532;je060283w;methoxymethane;COC;115-10-6;InChIKey=LCGLNKUTAGEVQW-UHFFFAOYSA-N;382.9;14200.0;3.68;0.01
984533;je060283w;methoxymethane;COC;115-10-6;InChIKey=LCGLNKUTAGEVQW-UHFFFAOYSA-N;382.9;16100.0;3.74;0.01
984534;je060283w;methoxymethane;COC;115-10-6;InChIKey=LCGLNKUTAGEVQW-UHFFFAOYSA-N;382.9;18000.0;3.79;0.01
984535;je060283w;methoxymethane;COC;115-10-6;InChIKey=LCGLNKUTAGEVQW-UHFFFAOYSA-N;382.9;20000.0;3.84;0.01
984536;je060283w;methoxymethane;COC;115-10-6;InChIKey=LCGLNKUTAGEVQW-UHFFFAOYSA-N;382.9;22000.0;3.89;0.01
984537;je060283w;methoxymethane;COC;115-10-6;InChIKey=LCGLNKUTAGEVQW-UHFFFAOYSA-N;382.9;24000.0;3.93;0.01
984538;je060283w;methoxymethane;COC;115-10-6;InChIKey=LCGLNKUTAGEVQW-UHFFFAOYSA-N;382.9;26000.0;3.97;0.01
984539;je060283w;methoxymethane;COC;115-10-6;InChIKey=LCGLNKUTAGEVQW-UHFFFAOYSA-N;382.9;27900.0;4.01;0.01
984540;je060283w;methoxymethane;COC;115-10-6;InChIKey=LCGLNKUTAGEVQW-UHFFFAOYSA-N;382.9;30100.0;4.05;0.01
984541;je060283w;methoxymethane;COC;115-10-6;InChIKey=LCGLNKUTAGEVQW-UHFFFAOYSA-N;393.0;6200.0;3.01;0.01
984542;je060283w;methoxymethane;COC;115-10-6;InChIKey=LCGLNKUTAGEVQW-UHFFFAOYSA-N;393.0;8400.0;3.21;0.01
984543;je060283w;methoxymethane;COC;115-10-6;InChIKey=LCGLNKUTAGEVQW-UHFFFAOYSA-N;393.0;10000.0;3.3;0.01
984544;je060283w;methoxymethane;COC;115-10-6;InChIKey=LCGLNKUTAGEVQW-UHFFFAOYSA-N;393.0;12300.0;3.4;0.01
984545;je060283w;methoxymethane;COC;115-10-6;InChIKey=LCGLNKUTAGEVQW-UHFFFAOYSA-N;393.0;14200.0;3.47;0.01
984546;je060283w;methoxymethane;COC;115-10-6;InChIKey=LCGLNKUTAGEVQW-UHFFFAOYSA-N;393.0;16200.0;3.54;0.01
984547;je060283w;methoxymethane;COC;115-10-6;InChIKey=LCGLNKUTAGEVQW-UHFFFAOYSA-N;393.0;18200.0;3.6;0.01
984548;je060283w;methoxymethane;COC;115-10-6;InChIKey=LCGLNKUTAGEVQW-UHFFFAOYSA-N;393.0;20000.0;3.65;0.01
984549;je060283w;methoxymethane;COC;115-10-6;InChIKey=LCGLNKUTAGEVQW-UHFFFAOYSA-N;393.0;22000.0;3.7;0.01
984550;je060283w;methoxymethane;COC;115-10-6;InChIKey=LCGLNKUTAGEVQW-UHFFFAOYSA-N;393.0;24000.0;3.75;0.01
984551;je060283w;methoxymethane;COC;115-10-6;InChIKey=LCGLNKUTAGEVQW-UHFFFAOYSA-N;393.0;26000.0;3.79;0.01
984552;je060283w;methoxymethane;COC;115-10-6;InChIKey=LCGLNKUTAGEVQW-UHFFFAOYSA-N;393.0;27800.0;3.83;0.01
984553;je060283w;methoxymethane;COC;115-10-6;InChIKey=LCGLNKUTAGEVQW-UHFFFAOYSA-N;393.0;29500.0;3.86;0.01
1119485;je200682t;cyclobutanone;O=C1CCC1;1191-95-3;InChIKey=SHQSVMDWKBRBGB-UHFFFAOYSA-N;250.65;101.325;17.51;0.01
1119486;je200682t;cyclobutanone;O=C1CCC1;1191-95-3;InChIKey=SHQSVMDWKBRBGB-UHFFFAOYSA-N;253.15;101.325;17.37;0.01
1119487;je200682t;cyclobutanone;O=C1CCC1;1191-95-3;InChIKey=SHQSVMDWKBRBGB-UHFFFAOYSA-N;255.65;101.325;17.22;0.01
1119488;je200682t;cyclobutanone;O=C1CCC1;1191-95-3;InChIKey=SHQSVMDWKBRBGB-UHFFFAOYSA-N;258.15;101.325;17.07;0.01
1119489;je200682t;cyclobutanone;O=C1CCC1;1191-95-3;InChIKey=SHQSVMDWKBRBGB-UHFFFAOYSA-N;260.65;101.325;16.93;0.01
1119490;je200682t;cyclobutanone;O=C1CCC1;1191-95-3;InChIKey=SHQSVMDWKBRBGB-UHFFFAOYSA-N;263.15;101.325;16.79;0.01
1119491;je200682t;cyclobutanone;O=C1CCC1;1191-95-3;InChIKey=SHQSVMDWKBRBGB-UHFFFAOYSA-N;265.65;101.325;16.65;0.01
1119492;je200682t;cyclobutanone;O=C1CCC1;1191-95-3;InChIKey=SHQSVMDWKBRBGB-UHFFFAOYSA-N;268.15;101.325;16.51;0.01
1119493;je200682t;cyclobutanone;O=C1CCC1;1191-95-3;InChIKey=SHQSVMDWKBRBGB-UHFFFAOYSA-N;270.65;101.325;16.37;0.01
1119494;je200682t;cyclobutanone;O=C1CCC1;1191-95-3;InChIKey=SHQSVMDWKBRBGB-UHFFFAOYSA-N;273.15;101.325;16.24;0.01
1119495;je200682t;cyclobutanone;O=C1CCC1;1191-95-3;InChIKey=SHQSVMDWKBRBGB-UHFFFAOYSA-N;275.65;101.325;16.11;0.01
1119496;je200682t;cyclobutanone;O=C1CCC1;1191-95-3;InChIKey=SHQSVMDWKBRBGB-UHFFFAOYSA-N;278.15;101.325;15.98;0.01
1119497;je200682t;cyclobutanone;O=C1CCC1;1191-95-3;InChIKey=SHQSVMDWKBRBGB-UHFFFAOYSA-N;280.65;101.325;15.85;0.01
1119498;je200682t;cyclobutanone;O=C1CCC1;1191-95-3;InChIKey=SHQSVMDWKBRBGB-UHFFFAOYSA-N;283.15;101.325;15.72;0.01
1119499;je200682t;cyclobutanone;O=C1CCC1;1191-95-3;InChIKey=SHQSVMDWKBRBGB-UHFFFAOYSA-N;285.65;101.325;15.58;0.01
1119500;je200682t;cyclobutanone;O=C1CCC1;1191-95-3;InChIKey=SHQSVMDWKBRBGB-UHFFFAOYSA-N;288.15;101.325;15.46;0.01
1119501;je200682t;cyclobutanone;O=C1CCC1;1191-95-3;InChIKey=SHQSVMDWKBRBGB-UHFFFAOYSA-N;290.65;101.325;15.33;0.01
1119502;je200682t;cyclobutanone;O=C1CCC1;1191-95-3;InChIKey=SHQSVMDWKBRBGB-UHFFFAOYSA-N;293.15;101.325;15.2;0.01
1119503;je200682t;cyclobutanone;O=C1CCC1;1191-95-3;InChIKey=SHQSVMDWKBRBGB-UHFFFAOYSA-N;295.65;101.325;15.08;0.01
1119504;je200682t;cyclobutanone;O=C1CCC1;1191-95-3;InChIKey=SHQSVMDWKBRBGB-UHFFFAOYSA-N;298.15;101.325;14.96;0.01
1119505;je200682t;cyclobutanone;O=C1CCC1;1191-95-3;InChIKey=SHQSVMDWKBRBGB-UHFFFAOYSA-N;300.65;101.325;14.84;0.01
1119506;je200682t;cyclobutanone;O=C1CCC1;1191-95-3;InChIKey=SHQSVMDWKBRBGB-UHFFFAOYSA-N;303.15;101.325;14.72;0.01
1119507;je200682t;cyclobutanone;O=C1CCC1;1191-95-3;InChIKey=SHQSVMDWKBRBGB-UHFFFAOYSA-N;305.65;101.325;14.6;0.01
1119508;je200682t;cyclobutanone;O=C1CCC1;1191-95-3;InChIKey=SHQSVMDWKBRBGB-UHFFFAOYSA-N;308.15;101.325;14.48;0.01
1119509;je200682t;cyclobutanone;O=C1CCC1;1191-95-3;InChIKey=SHQSVMDWKBRBGB-UHFFFAOYSA-N;310.65;101.325;14.37;0.01
1119510;je200682t;cyclobutanone;O=C1CCC1;1191-95-3;InChIKey=SHQSVMDWKBRBGB-UHFFFAOYSA-N;313.15;101.325;14.25;0.01
1119514;je200682t;cyclopentanone;O=C1CCCC1;120-92-3;InChIKey=BGTOWKSIORTVQH-UHFFFAOYSA-N;250.65;101.325;15.36;0.02
1119515;je200682t;cyclopentanone;O=C1CCCC1;120-92-3;InChIKey=BGTOWKSIORTVQH-UHFFFAOYSA-N;253.15;101.325;15.26;0.02
1119516;je200682t;cyclopentanone;O=C1CCCC1;120-92-3;InChIKey=BGTOWKSIORTVQH-UHFFFAOYSA-N;255.65;101.325;15.15;0.02
1119517;je200682t;cyclopentanone;O=C1CCCC1;120-92-3;InChIKey=BGTOWKSIORTVQH-UHFFFAOYSA-N;258.15;101.325;15.05;0.02
1119518;je200682t;cyclopentanone;O=C1CCCC1;120-92-3;InChIKey=BGTOWKSIORTVQH-UHFFFAOYSA-N;260.65;101.325;14.95;0.02
1119519;je200682t;cyclopentanone;O=C1CCCC1;120-92-3;InChIKey=BGTOWKSIORTVQH-UHFFFAOYSA-N;263.15;101.325;14.85;0.02
1119520;je200682t;cyclopentanone;O=C1CCCC1;120-92-3;InChIKey=BGTOWKSIORTVQH-UHFFFAOYSA-N;265.65;101.325;14.75;0.02
1119521;je200682t;cyclopentanone;O=C1CCCC1;120-92-3;InChIKey=BGTOWKSIORTVQH-UHFFFAOYSA-N;268.15;101.325;14.65;0.02
1119522;je200682t;cyclopentanone;O=C1CCCC1;120-92-3;InChIKey=BGTOWKSIORTVQH-UHFFFAOYSA-N;270.65;101.325;14.55;0.02
1119523;je200682t;cyclopentanone;O=C1CCCC1;120-92-3;InChIKey=BGTOWKSIORTVQH-UHFFFAOYSA-N;273.15;101.325;14.45;0.02
1119524;je200682t;cyclopentanone;O=C1CCCC1;120-92-3;InChIKey=BGTOWKSIORTVQH-UHFFFAOYSA-N;275.65;101.325;14.35;0.02
1119525;je200682t;cyclopentanone;O=C1CCCC1;120-92-3;InChIKey=BGTOWKSIORTVQH-UHFFFAOYSA-N;278.15;101.325;14.25;0.02
1119526;je200682t;cyclopentanone;O=C1CCCC1;120-92-3;InChIKey=BGTOWKSIORTVQH-UHFFFAOYSA-N;280.65;101.325;14.15;0.02
1119527;je200682t;cyclopentanone;O=C1CCCC1;120-92-3;InChIKey=BGTOWKSIORTVQH-UHFFFAOYSA-N;283.15;101.325;14.06;0.02
1119528;je200682t;cyclopentanone;O=C1CCCC1;120-92-3;InChIKey=BGTOWKSIORTVQH-UHFFFAOYSA-N;285.65;101.325;13.96;0.02
1119529;je200682t;cyclopentanone;O=C1CCCC1;120-92-3;InChIKey=BGTOWKSIORTVQH-UHFFFAOYSA-N;288.15;101.325;13.86;0.02
1119530;je200682t;cyclopentanone;O=C1CCCC1;120-92-3;InChIKey=BGTOWKSIORTVQH-UHFFFAOYSA-N;290.65;101.325;13.77;0.02
1119531;je200682t;cyclopentanone;O=C1CCCC1;120-92-3;InChIKey=BGTOWKSIORTVQH-UHFFFAOYSA-N;293.15;101.325;13.67;0.02
1119532;je200682t;cyclopentanone;O=C1CCCC1;120-92-3;InChIKey=BGTOWKSIORTVQH-UHFFFAOYSA-N;295.65;101.325;13.58;0.02
1119533;je200682t;cyclopentanone;O=C1CCCC1;120-92-3;InChIKey=BGTOWKSIORTVQH-UHFFFAOYSA-N;298.15;101.325;13.49;0.02
1119534;je200682t;cyclopentanone;O=C1CCCC1;120-92-3;InChIKey=BGTOWKSIORTVQH-UHFFFAOYSA-N;300.65;101.325;13.39;0.02
1119535;je200682t;cyclopentanone;O=C1CCCC1;120-92-3;InChIKey=BGTOWKSIORTVQH-UHFFFAOYSA-N;303.15;101.325;13.3;0.02
1119536;je200682t;cyclopentanone;O=C1CCCC1;120-92-3;InChIKey=BGTOWKSIORTVQH-UHFFFAOYSA-N;305.65;101.325;13.22;0.02
1119537;je200682t;cyclopentanone;O=C1CCCC1;120-92-3;InChIKey=BGTOWKSIORTVQH-UHFFFAOYSA-N;308.15;101.325;13.13;0.02
1119538;je200682t;cyclopentanone;O=C1CCCC1;120-92-3;InChIKey=BGTOWKSIORTVQH-UHFFFAOYSA-N;310.65;101.325;13.04;0.02
1119539;je200682t;cyclopentanone;O=C1CCCC1;120-92-3;InChIKey=BGTOWKSIORTVQH-UHFFFAOYSA-N;313.15;101.325;12.95;0.02
1119543;je200682t;cyclohexanone;O=C1CCCCC1;11119-77-0;InChIKey=JHIVVAPYMSGYDF-UHFFFAOYSA-N;250.65;101.325;19.13;0.01
1119544;je200682t;cyclohexanone;O=C1CCCCC1;11119-77-0;InChIKey=JHIVVAPYMSGYDF-UHFFFAOYSA-N;253.15;101.325;18.93;0.01
1119545;je200682t;cyclohexanone;O=C1CCCCC1;11119-77-0;InChIKey=JHIVVAPYMSGYDF-UHFFFAOYSA-N;255.65;101.325;18.73;0.01
1119546;je200682t;cyclohexanone;O=C1CCCCC1;11119-77-0;InChIKey=JHIVVAPYMSGYDF-UHFFFAOYSA-N;258.15;101.325;18.54;0.01
1119547;je200682t;cyclohexanone;O=C1CCCCC1;11119-77-0;InChIKey=JHIVVAPYMSGYDF-UHFFFAOYSA-N;260.65;101.325;18.34;0.01
1119548;je200682t;cyclohexanone;O=C1CCCCC1;11119-77-0;InChIKey=JHIVVAPYMSGYDF-UHFFFAOYSA-N;263.15;101.325;18.15;0.01
1119549;je200682t;cyclohexanone;O=C1CCCCC1;11119-77-0;InChIKey=JHIVVAPYMSGYDF-UHFFFAOYSA-N;265.65;101.325;17.96;0.01
1119550;je200682t;cyclohexanone;O=C1CCCCC1;11119-77-0;InChIKey=JHIVVAPYMSGYDF-UHFFFAOYSA-N;268.15;101.325;17.78;0.01
1119551;je200682t;cyclohexanone;O=C1CCCCC1;11119-77-0;InChIKey=JHIVVAPYMSGYDF-UHFFFAOYSA-N;270.65;101.325;17.6;0.01
1119552;je200682t;cyclohexanone;O=C1CCCCC1;11119-77-0;InChIKey=JHIVVAPYMSGYDF-UHFFFAOYSA-N;273.15;101.325;17.42;0.01
1119553;je200682t;cyclohexanone;O=C1CCCCC1;11119-77-0;InChIKey=JHIVVAPYMSGYDF-UHFFFAOYSA-N;275.65;101.325;17.24;0.01
1119554;je200682t;cyclohexanone;O=C1CCCCC1;11119-77-0;InChIKey=JHIVVAPYMSGYDF-UHFFFAOYSA-N;278.15;101.325;17.07;0.01
1119555;je200682t;cyclohexanone;O=C1CCCCC1;11119-77-0;InChIKey=JHIVVAPYMSGYDF-UHFFFAOYSA-N;280.65;101.325;16.9;0.01
1119556;je200682t;cyclohexanone;O=C1CCCCC1;11119-77-0;InChIKey=JHIVVAPYMSGYDF-UHFFFAOYSA-N;283.15;101.325;16.73;0.01
1119557;je200682t;cyclohexanone;O=C1CCCCC1;11119-77-0;InChIKey=JHIVVAPYMSGYDF-UHFFFAOYSA-N;285.65;101.325;16.56;0.01
1119558;je200682t;cyclohexanone;O=C1CCCCC1;11119-77-0;InChIKey=JHIVVAPYMSGYDF-UHFFFAOYSA-N;288.15;101.325;16.4;0.01
1119559;je200682t;cyclohexanone;O=C1CCCCC1;11119-77-0;InChIKey=JHIVVAPYMSGYDF-UHFFFAOYSA-N;290.65;101.325;16.24;0.01
1119560;je200682t;cyclohexanone;O=C1CCCCC1;11119-77-0;InChIKey=JHIVVAPYMSGYDF-UHFFFAOYSA-N;293.15;101.325;16.08;0.01
1119561;je200682t;cyclohexanone;O=C1CCCCC1;11119-77-0;InChIKey=JHIVVAPYMSGYDF-UHFFFAOYSA-N;295.65;101.325;15.92;0.01
1119562;je200682t;cyclohexanone;O=C1CCCCC1;11119-77-0;InChIKey=JHIVVAPYMSGYDF-UHFFFAOYSA-N;298.15;101.325;15.77;0.01
1119563;je200682t;cyclohexanone;O=C1CCCCC1;11119-77-0;InChIKey=JHIVVAPYMSGYDF-UHFFFAOYSA-N;300.65;101.325;15.62;0.01
1119564;je200682t;cyclohexanone;O=C1CCCCC1;11119-77-0;InChIKey=JHIVVAPYMSGYDF-UHFFFAOYSA-N;303.15;101.325;15.46;0.01
1119565;je200682t;cyclohexanone;O=C1CCCCC1;11119-77-0;InChIKey=JHIVVAPYMSGYDF-UHFFFAOYSA-N;305.65;101.325;15.32;0.01
1119566;je200682t;cyclohexanone;O=C1CCCCC1;11119-77-0;InChIKey=JHIVVAPYMSGYDF-UHFFFAOYSA-N;308.15;101.325;15.17;0.01
1119567;je200682t;cyclohexanone;O=C1CCCCC1;11119-77-0;InChIKey=JHIVVAPYMSGYDF-UHFFFAOYSA-N;310.65;101.325;15.03;0.01
1119568;je200682t;cyclohexanone;O=C1CCCCC1;11119-77-0;InChIKey=JHIVVAPYMSGYDF-UHFFFAOYSA-N;313.15;101.325;14.89;0.01
1119571;je200682t;cycloheptanone;O=C1CCCCCC1;502-42-1;InChIKey=CGZZMOTZOONQIA-UHFFFAOYSA-N;250.65;101.325;15.09;0.01
1119572;je200682t;cycloheptanone;O=C1CCCCCC1;502-42-1;InChIKey=CGZZMOTZOONQIA-UHFFFAOYSA-N;253.15;101.325;14.97;0.01
1119573;je200682t;cycloheptanone;O=C1CCCCCC1;502-42-1;InChIKey=CGZZMOTZOONQIA-UHFFFAOYSA-N;255.65;101.325;14.85;0.01
1119574;je200682t;cycloheptanone;O=C1CCCCCC1;502-42-1;InChIKey=CGZZMOTZOONQIA-UHFFFAOYSA-N;258.15;101.325;14.72;0.01
1119575;je200682t;cycloheptanone;O=C1CCCCCC1;502-42-1;InChIKey=CGZZMOTZOONQIA-UHFFFAOYSA-N;260.65;101.325;14.57;0.01
1119576;je200682t;cycloheptanone;O=C1CCCCCC1;502-42-1;InChIKey=CGZZMOTZOONQIA-UHFFFAOYSA-N;263.15;101.325;14.47;0.01
1119577;je200682t;cycloheptanone;O=C1CCCCCC1;502-42-1;InChIKey=CGZZMOTZOONQIA-UHFFFAOYSA-N;265.65;101.325;14.36;0.01
1119578;je200682t;cycloheptanone;O=C1CCCCCC1;502-42-1;InChIKey=CGZZMOTZOONQIA-UHFFFAOYSA-N;268.15;101.325;14.25;0.01
1119579;je200682t;cycloheptanone;O=C1CCCCCC1;502-42-1;InChIKey=CGZZMOTZOONQIA-UHFFFAOYSA-N;270.65;101.325;14.14;0.01
1119580;je200682t;cycloheptanone;O=C1CCCCCC1;502-42-1;InChIKey=CGZZMOTZOONQIA-UHFFFAOYSA-N;273.15;101.325;14.03;0.01
1119581;je200682t;cycloheptanone;O=C1CCCCCC1;502-42-1;InChIKey=CGZZMOTZOONQIA-UHFFFAOYSA-N;275.65;101.325;13.91;0.01
1119582;je200682t;cycloheptanone;O=C1CCCCCC1;502-42-1;InChIKey=CGZZMOTZOONQIA-UHFFFAOYSA-N;278.15;101.325;13.8;0.01
1119583;je200682t;cycloheptanone;O=C1CCCCCC1;502-42-1;InChIKey=CGZZMOTZOONQIA-UHFFFAOYSA-N;280.65;101.325;13.69;0.01
1119584;je200682t;cycloheptanone;O=C1CCCCCC1;502-42-1;InChIKey=CGZZMOTZOONQIA-UHFFFAOYSA-N;283.15;101.325;13.58;0.01
1119585;je200682t;cycloheptanone;O=C1CCCCCC1;502-42-1;InChIKey=CGZZMOTZOONQIA-UHFFFAOYSA-N;285.65;101.325;13.46;0.01
1119586;je200682t;cycloheptanone;O=C1CCCCCC1;502-42-1;InChIKey=CGZZMOTZOONQIA-UHFFFAOYSA-N;288.15;101.325;13.35;0.01
1119587;je200682t;cycloheptanone;O=C1CCCCCC1;502-42-1;InChIKey=CGZZMOTZOONQIA-UHFFFAOYSA-N;290.65;101.325;13.25;0.01
1119588;je200682t;cycloheptanone;O=C1CCCCCC1;502-42-1;InChIKey=CGZZMOTZOONQIA-UHFFFAOYSA-N;293.15;101.325;13.14;0.01
1119589;je200682t;cycloheptanone;O=C1CCCCCC1;502-42-1;InChIKey=CGZZMOTZOONQIA-UHFFFAOYSA-N;295.65;101.325;13.03;0.01
1119590;je200682t;cycloheptanone;O=C1CCCCCC1;502-42-1;InChIKey=CGZZMOTZOONQIA-UHFFFAOYSA-N;298.15;101.325;12.92;0.01
1119591;je200682t;cycloheptanone;O=C1CCCCCC1;502-42-1;InChIKey=CGZZMOTZOONQIA-UHFFFAOYSA-N;300.65;101.325;12.82;0.01
1119592;je200682t;cycloheptanone;O=C1CCCCCC1;502-42-1;InChIKey=CGZZMOTZOONQIA-UHFFFAOYSA-N;303.15;101.325;12.72;0.01
1119593;je200682t;cycloheptanone;O=C1CCCCCC1;502-42-1;InChIKey=CGZZMOTZOONQIA-UHFFFAOYSA-N;305.65;101.325;12.62;0.01
1119594;je200682t;cycloheptanone;O=C1CCCCCC1;502-42-1;InChIKey=CGZZMOTZOONQIA-UHFFFAOYSA-N;308.15;101.325;12.51;0.01
1119595;je200682t;cycloheptanone;O=C1CCCCCC1;502-42-1;InChIKey=CGZZMOTZOONQIA-UHFFFAOYSA-N;310.65;101.325;12.41;0.01
1119596;je200682t;cycloheptanone;O=C1CCCCCC1;502-42-1;InChIKey=CGZZMOTZOONQIA-UHFFFAOYSA-N;313.15;101.325;12.32;0.01
1119597;je200682t;cyclooctanone;O=C1CCCCCCC1;502-49-8;InChIKey=IIRFCWANHMSDCG-UHFFFAOYSA-N;298.15;101.325;14.54;0.02
1119598;je200682t;cyclooctanone;O=C1CCCCCCC1;502-49-8;InChIKey=IIRFCWANHMSDCG-UHFFFAOYSA-N;303.15;101.325;14.22;0.02
1119599;je200682t;cyclooctanone;O=C1CCCCCCC1;502-49-8;InChIKey=IIRFCWANHMSDCG-UHFFFAOYSA-N;305.65;101.325;14.05;0.02
1119600;je200682t;cyclooctanone;O=C1CCCCCCC1;502-49-8;InChIKey=IIRFCWANHMSDCG-UHFFFAOYSA-N;308.15;101.325;13.89;0.02
1119601;je200682t;cyclooctanone;O=C1CCCCCCC1;502-49-8;InChIKey=IIRFCWANHMSDCG-UHFFFAOYSA-N;310.65;101.325;13.74;0.02
1119602;je200682t;cyclooctanone;O=C1CCCCCCC1;502-49-8;InChIKey=IIRFCWANHMSDCG-UHFFFAOYSA-N;313.15;101.325;13.57;0.02
1119603;je200682t;cyclooctanone;O=C1CCCCCCC1;502-49-8;InChIKey=IIRFCWANHMSDCG-UHFFFAOYSA-N;315.65;101.325;13.42;0.02
1119604;je200682t;cyclooctanone;O=C1CCCCCCC1;502-49-8;InChIKey=IIRFCWANHMSDCG-UHFFFAOYSA-N;318.15;101.325;13.27;0.02
1119605;je200682t;cyclooctanone;O=C1CCCCCCC1;502-49-8;InChIKey=IIRFCWANHMSDCG-UHFFFAOYSA-N;320.65;101.325;13.14;0.02
1119606;je200682t;cyclooctanone;O=C1CCCCCCC1;502-49-8;InChIKey=IIRFCWANHMSDCG-UHFFFAOYSA-N;323.15;101.325;12.99;0.02
1119607;je200682t;cyclooctanone;O=C1CCCCCCC1;502-49-8;InChIKey=IIRFCWANHMSDCG-UHFFFAOYSA-N;325.65;101.325;12.85;0.02
1119608;je200682t;cyclooctanone;O=C1CCCCCCC1;502-49-8;InChIKey=IIRFCWANHMSDCG-UHFFFAOYSA-N;328.15;101.325;12.71;0.02
1119609;je200682t;cyclooctanone;O=C1CCCCCCC1;502-49-8;InChIKey=IIRFCWANHMSDCG-UHFFFAOYSA-N;330.65;101.325;12.58;0.02
1119610;je200682t;cyclooctanone;O=C1CCCCCCC1;502-49-8;InChIKey=IIRFCWANHMSDCG-UHFFFAOYSA-N;333.15;101.325;12.44;0.02
1119611;je200682t;cyclooctanone;O=C1CCCCCCC1;502-49-8;InChIKey=IIRFCWANHMSDCG-UHFFFAOYSA-N;335.65;101.325;12.3;0.02
1119612;je200682t;cyclooctanone;O=C1CCCCCCC1;502-49-8;InChIKey=IIRFCWANHMSDCG-UHFFFAOYSA-N;338.15;101.325;12.17;0.02
1119613;je200682t;cyclooctanone;O=C1CCCCCCC1;502-49-8;InChIKey=IIRFCWANHMSDCG-UHFFFAOYSA-N;340.65;101.325;12.04;0.02
1119614;je200682t;cyclooctanone;O=C1CCCCCCC1;502-49-8;InChIKey=IIRFCWANHMSDCG-UHFFFAOYSA-N;343.15;101.325;11.9;0.02
1163629;je300234g;1,4,7,10-tetraoxacyclododecane;C1COCCOCCOCCO1;294-93-9;InChIKey=XQQZRZQVBFHBHL-UHFFFAOYSA-N;295.65;101.325;10.95;0.05475
1163630;je300234g;1,4,7,10-tetraoxacyclododecane;C1COCCOCCOCCO1;294-93-9;InChIKey=XQQZRZQVBFHBHL-UHFFFAOYSA-N;298.15;101.325;10.82;0.0541
1163631;je300234g;1,4,7,10-tetraoxacyclododecane;C1COCCOCCOCCO1;294-93-9;InChIKey=XQQZRZQVBFHBHL-UHFFFAOYSA-N;300.65;101.325;10.7;0.0535
1163632;je300234g;1,4,7,10-tetraoxacyclododecane;C1COCCOCCOCCO1;294-93-9;InChIKey=XQQZRZQVBFHBHL-UHFFFAOYSA-N;303.15;101.325;10.58;0.0529
1163633;je300234g;1,4,7,10-tetraoxacyclododecane;C1COCCOCCOCCO1;294-93-9;InChIKey=XQQZRZQVBFHBHL-UHFFFAOYSA-N;305.65;101.325;10.45;0.05225
1163634;je300234g;1,4,7,10-tetraoxacyclododecane;C1COCCOCCOCCO1;294-93-9;InChIKey=XQQZRZQVBFHBHL-UHFFFAOYSA-N;308.15;101.325;10.34;0.0517
1163635;je300234g;1,4,7,10-tetraoxacyclododecane;C1COCCOCCOCCO1;294-93-9;InChIKey=XQQZRZQVBFHBHL-UHFFFAOYSA-N;310.65;101.325;10.22;0.0511
1163636;je300234g;1,4,7,10-tetraoxacyclododecane;C1COCCOCCOCCO1;294-93-9;InChIKey=XQQZRZQVBFHBHL-UHFFFAOYSA-N;313.15;101.325;10.11;0.05055
1163637;je300234g;1,4,7,10-tetraoxacyclododecane;C1COCCOCCOCCO1;294-93-9;InChIKey=XQQZRZQVBFHBHL-UHFFFAOYSA-N;315.65;101.325;10.0;0.05
1163638;je300234g;1,4,7,10-tetraoxacyclododecane;C1COCCOCCOCCO1;294-93-9;InChIKey=XQQZRZQVBFHBHL-UHFFFAOYSA-N;318.15;101.325;9.9;0.0495
1163639;je300234g;1,4,7,10-tetraoxacyclododecane;C1COCCOCCOCCO1;294-93-9;InChIKey=XQQZRZQVBFHBHL-UHFFFAOYSA-N;320.65;101.325;9.79;0.04895
1163640;je300234g;1,4,7,10-tetraoxacyclododecane;C1COCCOCCOCCO1;294-93-9;InChIKey=XQQZRZQVBFHBHL-UHFFFAOYSA-N;323.15;101.325;9.69;0.04845
1163641;je300234g;1,4,7,10-tetraoxacyclododecane;C1COCCOCCOCCO1;294-93-9;InChIKey=XQQZRZQVBFHBHL-UHFFFAOYSA-N;325.65;101.325;9.59;0.04795
1163642;je300234g;1,4,7,10-tetraoxacyclododecane;C1COCCOCCOCCO1;294-93-9;InChIKey=XQQZRZQVBFHBHL-UHFFFAOYSA-N;328.15;101.325;9.49;0.04745
1163643;je300234g;1,4,7,10-tetraoxacyclododecane;C1COCCOCCOCCO1;294-93-9;InChIKey=XQQZRZQVBFHBHL-UHFFFAOYSA-N;330.65;101.325;9.41;0.04705
1163644;je300234g;1,4,7,10-tetraoxacyclododecane;C1COCCOCCOCCO1;294-93-9;InChIKey=XQQZRZQVBFHBHL-UHFFFAOYSA-N;333.15;101.325;9.31;0.04655
1163645;je300234g;1,4,7,10-tetraoxacyclododecane;C1COCCOCCOCCO1;294-93-9;InChIKey=XQQZRZQVBFHBHL-UHFFFAOYSA-N;335.65;101.325;9.22;0.0461
1163646;je300234g;1,4,7,10-tetraoxacyclododecane;C1COCCOCCOCCO1;294-93-9;InChIKey=XQQZRZQVBFHBHL-UHFFFAOYSA-N;338.15;101.325;9.13;0.04565
1163647;je300234g;1,4,7,10-tetraoxacyclododecane;C1COCCOCCOCCO1;294-93-9;InChIKey=XQQZRZQVBFHBHL-UHFFFAOYSA-N;340.65;101.325;9.04;0.0452
1163648;je300234g;1,4,7,10-tetraoxacyclododecane;C1COCCOCCOCCO1;294-93-9;InChIKey=XQQZRZQVBFHBHL-UHFFFAOYSA-N;343.15;101.325;8.94;0.0447
1163649;je300234g;1,4,7,10-tetraoxacyclododecane;C1COCCOCCOCCO1;294-93-9;InChIKey=XQQZRZQVBFHBHL-UHFFFAOYSA-N;345.65;101.325;8.86;0.0443
1163650;je300234g;1,4,7,10-tetraoxacyclododecane;C1COCCOCCOCCO1;294-93-9;InChIKey=XQQZRZQVBFHBHL-UHFFFAOYSA-N;348.15;101.325;8.76;0.0438
1163651;je300234g;1,4,7,10-tetraoxacyclododecane;C1COCCOCCOCCO1;294-93-9;InChIKey=XQQZRZQVBFHBHL-UHFFFAOYSA-N;350.65;101.325;8.68;0.0434
1163652;je300234g;1,4,7,10-tetraoxacyclododecane;C1COCCOCCOCCO1;294-93-9;InChIKey=XQQZRZQVBFHBHL-UHFFFAOYSA-N;353.15;101.325;8.59;0.04295
1163654;je300234g;1,4,7,10,13-pentaoxacyclopentadecane;C1COCCOCCOCCOCCO1;168081-57-0;InChIKey=VFTFKUDGYRBSAL-UHFFFAOYSA-N;273.15;101.325;17.82;0.0891
1163655;je300234g;1,4,7,10,13-pentaoxacyclopentadecane;C1COCCOCCOCCOCCO1;168081-57-0;InChIKey=VFTFKUDGYRBSAL-UHFFFAOYSA-N;275.65;101.325;17.56;0.0878
1163656;je300234g;1,4,7,10,13-pentaoxacyclopentadecane;C1COCCOCCOCCOCCO1;168081-57-0;InChIKey=VFTFKUDGYRBSAL-UHFFFAOYSA-N;278.15;101.325;17.3;0.0865
1163657;je300234g;1,4,7,10,13-pentaoxacyclopentadecane;C1COCCOCCOCCOCCO1;168081-57-0;InChIKey=VFTFKUDGYRBSAL-UHFFFAOYSA-N;280.65;101.325;17.05;0.08525
1163658;je300234g;1,4,7,10,13-pentaoxacyclopentadecane;C1COCCOCCOCCOCCO1;168081-57-0;InChIKey=VFTFKUDGYRBSAL-UHFFFAOYSA-N;283.15;101.325;16.81;0.08405
1163659;je300234g;1,4,7,10,13-pentaoxacyclopentadecane;C1COCCOCCOCCOCCO1;168081-57-0;InChIKey=VFTFKUDGYRBSAL-UHFFFAOYSA-N;285.65;101.325;16.57;0.08285
1163660;je300234g;1,4,7,10,13-pentaoxacyclopentadecane;C1COCCOCCOCCOCCO1;168081-57-0;InChIKey=VFTFKUDGYRBSAL-UHFFFAOYSA-N;288.15;101.325;16.34;0.0817
1163661;je300234g;1,4,7,10,13-pentaoxacyclopentadecane;C1COCCOCCOCCOCCO1;168081-57-0;InChIKey=VFTFKUDGYRBSAL-UHFFFAOYSA-N;290.65;101.325;16.11;0.08055
1163662;je300234g;1,4,7,10,13-pentaoxacyclopentadecane;C1COCCOCCOCCOCCO1;168081-57-0;InChIKey=VFTFKUDGYRBSAL-UHFFFAOYSA-N;293.15;101.325;15.89;0.07945
1163663;je300234g;1,4,7,10,13-pentaoxacyclopentadecane;C1COCCOCCOCCOCCO1;168081-57-0;InChIKey=VFTFKUDGYRBSAL-UHFFFAOYSA-N;295.65;101.325;15.68;0.0784
1163664;je300234g;1,4,7,10,13-pentaoxacyclopentadecane;C1COCCOCCOCCOCCO1;168081-57-0;InChIKey=VFTFKUDGYRBSAL-UHFFFAOYSA-N;298.15;101.325;15.48;0.0774
1163665;je300234g;1,4,7,10,13-pentaoxacyclopentadecane;C1COCCOCCOCCOCCO1;168081-57-0;InChIKey=VFTFKUDGYRBSAL-UHFFFAOYSA-N;300.65;101.325;15.28;0.0764
1163666;je300234g;1,4,7,10,13-pentaoxacyclopentadecane;C1COCCOCCOCCOCCO1;168081-57-0;InChIKey=VFTFKUDGYRBSAL-UHFFFAOYSA-N;303.15;101.325;15.08;0.0754
1163667;je300234g;1,4,7,10,13-pentaoxacyclopentadecane;C1COCCOCCOCCOCCO1;168081-57-0;InChIKey=VFTFKUDGYRBSAL-UHFFFAOYSA-N;305.65;101.325;14.88;0.0744
1163668;je300234g;1,4,7,10,13-pentaoxacyclopentadecane;C1COCCOCCOCCOCCO1;168081-57-0;InChIKey=VFTFKUDGYRBSAL-UHFFFAOYSA-N;308.15;101.325;14.69;0.07345
1163669;je300234g;1,4,7,10,13-pentaoxacyclopentadecane;C1COCCOCCOCCOCCO1;168081-57-0;InChIKey=VFTFKUDGYRBSAL-UHFFFAOYSA-N;310.65;101.325;14.5;0.0725
1163670;je300234g;1,4,7,10,13-pentaoxacyclopentadecane;C1COCCOCCOCCOCCO1;168081-57-0;InChIKey=VFTFKUDGYRBSAL-UHFFFAOYSA-N;313.15;101.325;14.31;0.07155
1163671;je300234g;1,4,7,10,13-pentaoxacyclopentadecane;C1COCCOCCOCCOCCO1;168081-57-0;InChIKey=VFTFKUDGYRBSAL-UHFFFAOYSA-N;315.65;101.325;14.14;0.0707
1163672;je300234g;1,4,7,10,13-pentaoxacyclopentadecane;C1COCCOCCOCCOCCO1;168081-57-0;InChIKey=VFTFKUDGYRBSAL-UHFFFAOYSA-N;318.15;101.325;13.96;0.0698
1163673;je300234g;1,4,7,10,13-pentaoxacyclopentadecane;C1COCCOCCOCCOCCO1;168081-57-0;InChIKey=VFTFKUDGYRBSAL-UHFFFAOYSA-N;320.65;101.325;13.79;0.06895
1163674;je300234g;1,4,7,10,13-pentaoxacyclopentadecane;C1COCCOCCOCCOCCO1;168081-57-0;InChIKey=VFTFKUDGYRBSAL-UHFFFAOYSA-N;323.15;101.325;13.63;0.06815
1163675;je300234g;1,4,7,10,13-pentaoxacyclopentadecane;C1COCCOCCOCCOCCO1;168081-57-0;InChIKey=VFTFKUDGYRBSAL-UHFFFAOYSA-N;325.65;101.325;13.46;0.0673
1163676;je300234g;1,4,7,10,13-pentaoxacyclopentadecane;C1COCCOCCOCCOCCO1;168081-57-0;InChIKey=VFTFKUDGYRBSAL-UHFFFAOYSA-N;328.15;101.325;13.3;0.0665
1163677;je300234g;1,4,7,10,13-pentaoxacyclopentadecane;C1COCCOCCOCCOCCO1;168081-57-0;InChIKey=VFTFKUDGYRBSAL-UHFFFAOYSA-N;330.65;101.325;13.15;0.06575
1163678;je300234g;1,4,7,10,13-pentaoxacyclopentadecane;C1COCCOCCOCCOCCO1;168081-57-0;InChIKey=VFTFKUDGYRBSAL-UHFFFAOYSA-N;333.15;101.325;13.0;0.065
1163680;je300234g;1,4,7,10,13,16-hexaoxacyclooctadecane;C1COCCOCCOCCOCCOCCO1;71251-39-3;InChIKey=XEZNGIUYQVAUSS-UHFFFAOYSA-N;315.65;101.325;8.9;0.0445
1163681;je300234g;1,4,7,10,13,16-hexaoxacyclooctadecane;C1COCCOCCOCCOCCOCCO1;71251-39-3;InChIKey=XEZNGIUYQVAUSS-UHFFFAOYSA-N;318.15;101.325;8.86;0.0443
1163682;je300234g;1,4,7,10,13,16-hexaoxacyclooctadecane;C1COCCOCCOCCOCCOCCO1;71251-39-3;InChIKey=XEZNGIUYQVAUSS-UHFFFAOYSA-N;320.65;101.325;8.82;0.0441
1163683;je300234g;1,4,7,10,13,16-hexaoxacyclooctadecane;C1COCCOCCOCCOCCOCCO1;71251-39-3;InChIKey=XEZNGIUYQVAUSS-UHFFFAOYSA-N;323.15;101.325;8.77;0.04385
1163684;je300234g;1,4,7,10,13,16-hexaoxacyclooctadecane;C1COCCOCCOCCOCCOCCO1;71251-39-3;InChIKey=XEZNGIUYQVAUSS-UHFFFAOYSA-N;325.65;101.325;8.73;0.04365
1163685;je300234g;1,4,7,10,13,16-hexaoxacyclooctadecane;C1COCCOCCOCCOCCOCCO1;71251-39-3;InChIKey=XEZNGIUYQVAUSS-UHFFFAOYSA-N;328.15;101.325;8.69;0.04345
1163686;je300234g;1,4,7,10,13,16-hexaoxacyclooctadecane;C1COCCOCCOCCOCCOCCO1;71251-39-3;InChIKey=XEZNGIUYQVAUSS-UHFFFAOYSA-N;330.65;101.325;8.64;0.0432
1163687;je300234g;1,4,7,10,13,16-hexaoxacyclooctadecane;C1COCCOCCOCCOCCOCCO1;71251-39-3;InChIKey=XEZNGIUYQVAUSS-UHFFFAOYSA-N;333.15;101.325;8.59;0.04295
1163688;je300234g;1,4,7,10,13,16-hexaoxacyclooctadecane;C1COCCOCCOCCOCCOCCO1;71251-39-3;InChIKey=XEZNGIUYQVAUSS-UHFFFAOYSA-N;335.65;101.325;8.54;0.0427
1163689;je300234g;1,4,7,10,13,16-hexaoxacyclooctadecane;C1COCCOCCOCCOCCOCCO1;71251-39-3;InChIKey=XEZNGIUYQVAUSS-UHFFFAOYSA-N;338.15;101.325;8.49;0.04245
1163690;je300234g;1,4,7,10,13,16-hexaoxacyclooctadecane;C1COCCOCCOCCOCCOCCO1;71251-39-3;InChIKey=XEZNGIUYQVAUSS-UHFFFAOYSA-N;340.65;101.325;8.44;0.0422
1163691;je300234g;1,4,7,10,13,16-hexaoxacyclooctadecane;C1COCCOCCOCCOCCOCCO1;71251-39-3;InChIKey=XEZNGIUYQVAUSS-UHFFFAOYSA-N;343.15;101.325;8.39;0.04195
1163692;je300234g;1,4,7,10,13,16-hexaoxacyclooctadecane;C1COCCOCCOCCOCCOCCO1;71251-39-3;InChIKey=XEZNGIUYQVAUSS-UHFFFAOYSA-N;345.65;101.325;8.34;0.0417
1163693;je300234g;1,4,7,10,13,16-hexaoxacyclooctadecane;C1COCCOCCOCCOCCOCCO1;71251-39-3;InChIKey=XEZNGIUYQVAUSS-UHFFFAOYSA-N;348.15;101.325;8.29;0.04145
1163694;je300234g;1,4,7,10,13,16-hexaoxacyclooctadecane;C1COCCOCCOCCOCCOCCO1;71251-39-3;InChIKey=XEZNGIUYQVAUSS-UHFFFAOYSA-N;350.65;101.325;8.24;0.0412
1163695;je300234g;1,4,7,10,13,16-hexaoxacyclooctadecane;C1COCCOCCOCCOCCOCCO1;71251-39-3;InChIKey=XEZNGIUYQVAUSS-UHFFFAOYSA-N;353.15;101.325;8.19;0.04095
1198558;je300958c;succinonitrile;N#CCCC#N;191362-21-7;InChIKey=IAHFWCOBPZCAEA-UHFFFAOYSA-N;333.15;101.325;56.09;0.05
1198559;je300958c;succinonitrile;N#CCCC#N;191362-21-7;InChIKey=IAHFWCOBPZCAEA-UHFFFAOYSA-N;335.65;101.325;55.46;0.05
1198560;je300958c;succinonitrile;N#CCCC#N;191362-21-7;InChIKey=IAHFWCOBPZCAEA-UHFFFAOYSA-N;338.15;101.325;54.85;0.05
1198561;je300958c;succinonitrile;N#CCCC#N;191362-21-7;InChIKey=IAHFWCOBPZCAEA-UHFFFAOYSA-N;340.65;101.325;54.29;0.05
1198562;je300958c;succinonitrile;N#CCCC#N;191362-21-7;InChIKey=IAHFWCOBPZCAEA-UHFFFAOYSA-N;343.15;101.325;53.68;0.05
1198563;je300958c;succinonitrile;N#CCCC#N;191362-21-7;InChIKey=IAHFWCOBPZCAEA-UHFFFAOYSA-N;345.65;101.325;53.11;0.05
1198564;je300958c;succinonitrile;N#CCCC#N;191362-21-7;InChIKey=IAHFWCOBPZCAEA-UHFFFAOYSA-N;348.15;101.325;52.52;0.05
1198565;je300958c;succinonitrile;N#CCCC#N;191362-21-7;InChIKey=IAHFWCOBPZCAEA-UHFFFAOYSA-N;350.65;101.325;51.95;0.05
1198566;je300958c;succinonitrile;N#CCCC#N;191362-21-7;InChIKey=IAHFWCOBPZCAEA-UHFFFAOYSA-N;353.15;101.325;51.36;0.05
1198567;je300958c;succinonitrile;N#CCCC#N;191362-21-7;InChIKey=IAHFWCOBPZCAEA-UHFFFAOYSA-N;355.65;101.325;50.81;0.05
1198568;je300958c;succinonitrile;N#CCCC#N;191362-21-7;InChIKey=IAHFWCOBPZCAEA-UHFFFAOYSA-N;358.15;101.325;50.28;0.05
1198569;je300958c;succinonitrile;N#CCCC#N;191362-21-7;InChIKey=IAHFWCOBPZCAEA-UHFFFAOYSA-N;360.65;101.325;49.73;0.05
1198570;je300958c;succinonitrile;N#CCCC#N;191362-21-7;InChIKey=IAHFWCOBPZCAEA-UHFFFAOYSA-N;363.15;101.325;49.18;0.05
1198571;je300958c;succinonitrile;N#CCCC#N;191362-21-7;InChIKey=IAHFWCOBPZCAEA-UHFFFAOYSA-N;365.65;101.325;48.66;0.05
1198572;je300958c;succinonitrile;N#CCCC#N;191362-21-7;InChIKey=IAHFWCOBPZCAEA-UHFFFAOYSA-N;368.15;101.325;48.14;0.05
1198573;je300958c;succinonitrile;N#CCCC#N;191362-21-7;InChIKey=IAHFWCOBPZCAEA-UHFFFAOYSA-N;370.65;101.325;47.63;0.05
1198574;je300958c;succinonitrile;N#CCCC#N;191362-21-7;InChIKey=IAHFWCOBPZCAEA-UHFFFAOYSA-N;373.15;101.325;47.11;0.05
1198576;je300958c;glutaronitrile;N#CCCCC#N;544-13-8;InChIKey=ZTOMUSMDRMJOTH-UHFFFAOYSA-N;250.65;101.325;40.45;0.05
1198577;je300958c;glutaronitrile;N#CCCCC#N;544-13-8;InChIKey=ZTOMUSMDRMJOTH-UHFFFAOYSA-N;253.15;101.325;40.08;0.05
1198578;je300958c;glutaronitrile;N#CCCCC#N;544-13-8;InChIKey=ZTOMUSMDRMJOTH-UHFFFAOYSA-N;255.65;101.325;39.78;0.05
1198579;je300958c;glutaronitrile;N#CCCCC#N;544-13-8;InChIKey=ZTOMUSMDRMJOTH-UHFFFAOYSA-N;258.15;101.325;39.42;0.05
1198580;je300958c;glutaronitrile;N#CCCCC#N;544-13-8;InChIKey=ZTOMUSMDRMJOTH-UHFFFAOYSA-N;260.65;101.325;39.08;0.05
1198581;je300958c;glutaronitrile;N#CCCCC#N;544-13-8;InChIKey=ZTOMUSMDRMJOTH-UHFFFAOYSA-N;263.15;101.325;38.74;0.05
1198582;je300958c;glutaronitrile;N#CCCCC#N;544-13-8;InChIKey=ZTOMUSMDRMJOTH-UHFFFAOYSA-N;265.65;101.325;38.4;0.05
1198583;je300958c;glutaronitrile;N#CCCCC#N;544-13-8;InChIKey=ZTOMUSMDRMJOTH-UHFFFAOYSA-N;268.15;101.325;38.1;0.05
1198584;je300958c;glutaronitrile;N#CCCCC#N;544-13-8;InChIKey=ZTOMUSMDRMJOTH-UHFFFAOYSA-N;270.65;101.325;37.78;0.05
1198585;je300958c;glutaronitrile;N#CCCCC#N;544-13-8;InChIKey=ZTOMUSMDRMJOTH-UHFFFAOYSA-N;273.15;101.325;37.44;0.05
1198586;je300958c;glutaronitrile;N#CCCCC#N;544-13-8;InChIKey=ZTOMUSMDRMJOTH-UHFFFAOYSA-N;275.65;101.325;37.16;0.05
1198587;je300958c;glutaronitrile;N#CCCCC#N;544-13-8;InChIKey=ZTOMUSMDRMJOTH-UHFFFAOYSA-N;278.15;101.325;36.83;0.05
1198588;je300958c;glutaronitrile;N#CCCCC#N;544-13-8;InChIKey=ZTOMUSMDRMJOTH-UHFFFAOYSA-N;280.65;101.325;36.56;0.05
1198589;je300958c;glutaronitrile;N#CCCCC#N;544-13-8;InChIKey=ZTOMUSMDRMJOTH-UHFFFAOYSA-N;283.15;101.325;36.27;0.05
1198590;je300958c;glutaronitrile;N#CCCCC#N;544-13-8;InChIKey=ZTOMUSMDRMJOTH-UHFFFAOYSA-N;285.65;101.325;35.97;0.05
1198591;je300958c;glutaronitrile;N#CCCCC#N;544-13-8;InChIKey=ZTOMUSMDRMJOTH-UHFFFAOYSA-N;288.15;101.325;35.71;0.05
1198592;je300958c;glutaronitrile;N#CCCCC#N;544-13-8;InChIKey=ZTOMUSMDRMJOTH-UHFFFAOYSA-N;290.65;101.325;35.41;0.05
1198593;je300958c;glutaronitrile;N#CCCCC#N;544-13-8;InChIKey=ZTOMUSMDRMJOTH-UHFFFAOYSA-N;293.15;101.325;35.14;0.05
1198594;je300958c;glutaronitrile;N#CCCCC#N;544-13-8;InChIKey=ZTOMUSMDRMJOTH-UHFFFAOYSA-N;295.65;101.325;34.87;0.05
1198595;je300958c;glutaronitrile;N#CCCCC#N;544-13-8;InChIKey=ZTOMUSMDRMJOTH-UHFFFAOYSA-N;298.15;101.325;34.6;0.05
1198596;je300958c;glutaronitrile;N#CCCCC#N;544-13-8;InChIKey=ZTOMUSMDRMJOTH-UHFFFAOYSA-N;300.65;101.325;34.33;0.05
1198597;je300958c;glutaronitrile;N#CCCCC#N;544-13-8;InChIKey=ZTOMUSMDRMJOTH-UHFFFAOYSA-N;303.15;101.325;34.04;0.05
1198598;je300958c;glutaronitrile;N#CCCCC#N;544-13-8;InChIKey=ZTOMUSMDRMJOTH-UHFFFAOYSA-N;305.65;101.325;33.83;0.05
1198599;je300958c;glutaronitrile;N#CCCCC#N;544-13-8;InChIKey=ZTOMUSMDRMJOTH-UHFFFAOYSA-N;308.15;101.325;33.59;0.05
1198600;je300958c;glutaronitrile;N#CCCCC#N;544-13-8;InChIKey=ZTOMUSMDRMJOTH-UHFFFAOYSA-N;310.65;101.325;33.35;0.05
1198601;je300958c;glutaronitrile;N#CCCCC#N;544-13-8;InChIKey=ZTOMUSMDRMJOTH-UHFFFAOYSA-N;313.15;101.325;33.13;0.05
1198602;je300958c;glutaronitrile;N#CCCCC#N;544-13-8;InChIKey=ZTOMUSMDRMJOTH-UHFFFAOYSA-N;315.65;101.325;32.87;0.05
1198603;je300958c;glutaronitrile;N#CCCCC#N;544-13-8;InChIKey=ZTOMUSMDRMJOTH-UHFFFAOYSA-N;318.15;101.325;32.67;0.05
1198604;je300958c;glutaronitrile;N#CCCCC#N;544-13-8;InChIKey=ZTOMUSMDRMJOTH-UHFFFAOYSA-N;320.65;101.325;32.44;0.05
1198605;je300958c;glutaronitrile;N#CCCCC#N;544-13-8;InChIKey=ZTOMUSMDRMJOTH-UHFFFAOYSA-N;323.15;101.325;32.21;0.05
1198638;je300958c;heptanedinitrile;N#CCCCCCC#N;646-20-8;InChIKey=LLEVMYXEJUDBTA-UHFFFAOYSA-N;250.65;101.325;35.82;0.05
1198639;je300958c;heptanedinitrile;N#CCCCCCC#N;646-20-8;InChIKey=LLEVMYXEJUDBTA-UHFFFAOYSA-N;253.15;101.325;35.44;0.05
1198640;je300958c;heptanedinitrile;N#CCCCCCC#N;646-20-8;InChIKey=LLEVMYXEJUDBTA-UHFFFAOYSA-N;255.65;101.325;35.06;0.05
1198641;je300958c;heptanedinitrile;N#CCCCCCC#N;646-20-8;InChIKey=LLEVMYXEJUDBTA-UHFFFAOYSA-N;258.15;101.325;34.7;0.05
1198642;je300958c;heptanedinitrile;N#CCCCCCC#N;646-20-8;InChIKey=LLEVMYXEJUDBTA-UHFFFAOYSA-N;260.65;101.325;34.35;0.05
1198643;je300958c;heptanedinitrile;N#CCCCCCC#N;646-20-8;InChIKey=LLEVMYXEJUDBTA-UHFFFAOYSA-N;263.15;101.325;33.99;0.05
1198644;je300958c;heptanedinitrile;N#CCCCCCC#N;646-20-8;InChIKey=LLEVMYXEJUDBTA-UHFFFAOYSA-N;265.65;101.325;33.65;0.05
1198645;je300958c;heptanedinitrile;N#CCCCCCC#N;646-20-8;InChIKey=LLEVMYXEJUDBTA-UHFFFAOYSA-N;268.15;101.325;33.31;0.05
1198646;je300958c;heptanedinitrile;N#CCCCCCC#N;646-20-8;InChIKey=LLEVMYXEJUDBTA-UHFFFAOYSA-N;270.65;101.325;32.98;0.05
1198647;je300958c;heptanedinitrile;N#CCCCCCC#N;646-20-8;InChIKey=LLEVMYXEJUDBTA-UHFFFAOYSA-N;273.15;101.325;32.66;0.05
1198648;je300958c;heptanedinitrile;N#CCCCCCC#N;646-20-8;InChIKey=LLEVMYXEJUDBTA-UHFFFAOYSA-N;275.65;101.325;32.36;0.05
1198649;je300958c;heptanedinitrile;N#CCCCCCC#N;646-20-8;InChIKey=LLEVMYXEJUDBTA-UHFFFAOYSA-N;278.15;101.325;32.04;0.05
1198650;je300958c;heptanedinitrile;N#CCCCCCC#N;646-20-8;InChIKey=LLEVMYXEJUDBTA-UHFFFAOYSA-N;280.65;101.325;31.73;0.05
1198651;je300958c;heptanedinitrile;N#CCCCCCC#N;646-20-8;InChIKey=LLEVMYXEJUDBTA-UHFFFAOYSA-N;283.15;101.325;31.43;0.05
1198652;je300958c;heptanedinitrile;N#CCCCCCC#N;646-20-8;InChIKey=LLEVMYXEJUDBTA-UHFFFAOYSA-N;285.65;101.325;31.14;0.05
1198653;je300958c;heptanedinitrile;N#CCCCCCC#N;646-20-8;InChIKey=LLEVMYXEJUDBTA-UHFFFAOYSA-N;288.15;101.325;30.86;0.05
1198654;je300958c;heptanedinitrile;N#CCCCCCC#N;646-20-8;InChIKey=LLEVMYXEJUDBTA-UHFFFAOYSA-N;290.65;101.325;30.57;0.05
1198655;je300958c;heptanedinitrile;N#CCCCCCC#N;646-20-8;InChIKey=LLEVMYXEJUDBTA-UHFFFAOYSA-N;293.15;101.325;30.28;0.05
1198656;je300958c;heptanedinitrile;N#CCCCCCC#N;646-20-8;InChIKey=LLEVMYXEJUDBTA-UHFFFAOYSA-N;295.65;101.325;30.0;0.05
1198657;je300958c;heptanedinitrile;N#CCCCCCC#N;646-20-8;InChIKey=LLEVMYXEJUDBTA-UHFFFAOYSA-N;298.15;101.325;29.71;0.05
1198658;je300958c;heptanedinitrile;N#CCCCCCC#N;646-20-8;InChIKey=LLEVMYXEJUDBTA-UHFFFAOYSA-N;300.65;101.325;29.45;0.05
1198659;je300958c;heptanedinitrile;N#CCCCCCC#N;646-20-8;InChIKey=LLEVMYXEJUDBTA-UHFFFAOYSA-N;303.15;101.325;29.18;0.05
1198660;je300958c;heptanedinitrile;N#CCCCCCC#N;646-20-8;InChIKey=LLEVMYXEJUDBTA-UHFFFAOYSA-N;305.65;101.325;28.92;0.05
1198661;je300958c;heptanedinitrile;N#CCCCCCC#N;646-20-8;InChIKey=LLEVMYXEJUDBTA-UHFFFAOYSA-N;308.15;101.325;28.67;0.05
1198662;je300958c;heptanedinitrile;N#CCCCCCC#N;646-20-8;InChIKey=LLEVMYXEJUDBTA-UHFFFAOYSA-N;310.65;101.325;28.42;0.05
1198663;je300958c;heptanedinitrile;N#CCCCCCC#N;646-20-8;InChIKey=LLEVMYXEJUDBTA-UHFFFAOYSA-N;313.15;101.325;28.17;0.05
1198664;je300958c;heptanedinitrile;N#CCCCCCC#N;646-20-8;InChIKey=LLEVMYXEJUDBTA-UHFFFAOYSA-N;315.65;101.325;27.94;0.05
1198665;je300958c;heptanedinitrile;N#CCCCCCC#N;646-20-8;InChIKey=LLEVMYXEJUDBTA-UHFFFAOYSA-N;318.15;101.325;27.68;0.05
1198666;je300958c;heptanedinitrile;N#CCCCCCC#N;646-20-8;InChIKey=LLEVMYXEJUDBTA-UHFFFAOYSA-N;320.65;101.325;27.46;0.05
1198667;je300958c;heptanedinitrile;N#CCCCCCC#N;646-20-8;InChIKey=LLEVMYXEJUDBTA-UHFFFAOYSA-N;323.15;101.325;27.23;0.05
1198668;je300958c;heptanedinitrile;N#CCCCCCC#N;646-20-8;InChIKey=LLEVMYXEJUDBTA-UHFFFAOYSA-N;325.65;101.325;27.0;0.05
1198669;je300958c;heptanedinitrile;N#CCCCCCC#N;646-20-8;InChIKey=LLEVMYXEJUDBTA-UHFFFAOYSA-N;328.15;101.325;26.77;0.05
1198670;je300958c;heptanedinitrile;N#CCCCCCC#N;646-20-8;InChIKey=LLEVMYXEJUDBTA-UHFFFAOYSA-N;330.65;101.325;26.56;0.05
1198671;je300958c;heptanedinitrile;N#CCCCCCC#N;646-20-8;InChIKey=LLEVMYXEJUDBTA-UHFFFAOYSA-N;333.15;101.325;26.32;0.05
1198672;je300958c;suberonitrile;N#CCCCCCCC#N;929-57-7;InChIKey=BTNXBLUGMAMSSH-UHFFFAOYSA-N;273.15;101.325;28.23;0.05
1198673;je300958c;suberonitrile;N#CCCCCCCC#N;929-57-7;InChIKey=BTNXBLUGMAMSSH-UHFFFAOYSA-N;275.65;101.325;28.0;0.05
1198674;je300958c;suberonitrile;N#CCCCCCCC#N;929-57-7;InChIKey=BTNXBLUGMAMSSH-UHFFFAOYSA-N;278.15;101.325;27.77;0.05
1198675;je300958c;suberonitrile;N#CCCCCCCC#N;929-57-7;InChIKey=BTNXBLUGMAMSSH-UHFFFAOYSA-N;280.65;101.325;27.52;0.05
1198676;je300958c;suberonitrile;N#CCCCCCCC#N;929-57-7;InChIKey=BTNXBLUGMAMSSH-UHFFFAOYSA-N;283.15;101.325;27.29;0.05
1198677;je300958c;suberonitrile;N#CCCCCCCC#N;929-57-7;InChIKey=BTNXBLUGMAMSSH-UHFFFAOYSA-N;285.65;101.325;27.06;0.05
1198678;je300958c;suberonitrile;N#CCCCCCCC#N;929-57-7;InChIKey=BTNXBLUGMAMSSH-UHFFFAOYSA-N;288.15;101.325;26.82;0.05
1198679;je300958c;suberonitrile;N#CCCCCCCC#N;929-57-7;InChIKey=BTNXBLUGMAMSSH-UHFFFAOYSA-N;290.65;101.325;26.6;0.05
1198680;je300958c;suberonitrile;N#CCCCCCCC#N;929-57-7;InChIKey=BTNXBLUGMAMSSH-UHFFFAOYSA-N;293.15;101.325;26.36;0.05
1198681;je300958c;suberonitrile;N#CCCCCCCC#N;929-57-7;InChIKey=BTNXBLUGMAMSSH-UHFFFAOYSA-N;295.65;101.325;26.16;0.05
1198682;je300958c;suberonitrile;N#CCCCCCCC#N;929-57-7;InChIKey=BTNXBLUGMAMSSH-UHFFFAOYSA-N;298.15;101.325;25.94;0.05
1198683;je300958c;suberonitrile;N#CCCCCCCC#N;929-57-7;InChIKey=BTNXBLUGMAMSSH-UHFFFAOYSA-N;300.65;101.325;25.75;0.05
1198684;je300958c;suberonitrile;N#CCCCCCCC#N;929-57-7;InChIKey=BTNXBLUGMAMSSH-UHFFFAOYSA-N;303.15;101.325;25.55;0.05
1198685;je300958c;suberonitrile;N#CCCCCCCC#N;929-57-7;InChIKey=BTNXBLUGMAMSSH-UHFFFAOYSA-N;305.65;101.325;25.32;0.05
1198686;je300958c;suberonitrile;N#CCCCCCCC#N;929-57-7;InChIKey=BTNXBLUGMAMSSH-UHFFFAOYSA-N;308.15;101.325;25.11;0.05
1198687;je300958c;suberonitrile;N#CCCCCCCC#N;929-57-7;InChIKey=BTNXBLUGMAMSSH-UHFFFAOYSA-N;310.65;101.325;24.94;0.05
1198688;je300958c;suberonitrile;N#CCCCCCCC#N;929-57-7;InChIKey=BTNXBLUGMAMSSH-UHFFFAOYSA-N;313.15;101.325;24.74;0.05
1198689;je300958c;suberonitrile;N#CCCCCCCC#N;929-57-7;InChIKey=BTNXBLUGMAMSSH-UHFFFAOYSA-N;315.65;101.325;24.55;0.05
1198690;je300958c;suberonitrile;N#CCCCCCCC#N;929-57-7;InChIKey=BTNXBLUGMAMSSH-UHFFFAOYSA-N;318.15;101.325;24.37;0.05
1198691;je300958c;suberonitrile;N#CCCCCCCC#N;929-57-7;InChIKey=BTNXBLUGMAMSSH-UHFFFAOYSA-N;320.65;101.325;24.2;0.05
1198692;je300958c;suberonitrile;N#CCCCCCCC#N;929-57-7;InChIKey=BTNXBLUGMAMSSH-UHFFFAOYSA-N;323.15;101.325;24.0;0.05
1198693;je300958c;suberonitrile;N#CCCCCCCC#N;929-57-7;InChIKey=BTNXBLUGMAMSSH-UHFFFAOYSA-N;325.65;101.325;23.8;0.05
1198694;je300958c;suberonitrile;N#CCCCCCCC#N;929-57-7;InChIKey=BTNXBLUGMAMSSH-UHFFFAOYSA-N;328.15;101.325;23.63;0.05
1198695;je300958c;suberonitrile;N#CCCCCCCC#N;929-57-7;InChIKey=BTNXBLUGMAMSSH-UHFFFAOYSA-N;330.65;101.325;23.47;0.05
1198696;je300958c;suberonitrile;N#CCCCCCCC#N;929-57-7;InChIKey=BTNXBLUGMAMSSH-UHFFFAOYSA-N;333.15;101.325;23.3;0.05
1227650;je400149j;methyl sulfoxide;C[S](C)=O;164071-41-4;InChIKey=IAZDPXIOMUYVGZ-UHFFFAOYSA-N;291.15;101.0;47.15;0.05
1227651;je400149j;methyl sulfoxide;C[S](C)=O;164071-41-4;InChIKey=IAZDPXIOMUYVGZ-UHFFFAOYSA-N;293.15;101.0;47.09;0.05
1227652;je400149j;methyl sulfoxide;C[S](C)=O;164071-41-4;InChIKey=IAZDPXIOMUYVGZ-UHFFFAOYSA-N;295.15;101.0;46.84;0.05
1227653;je400149j;methyl sulfoxide;C[S](C)=O;164071-41-4;InChIKey=IAZDPXIOMUYVGZ-UHFFFAOYSA-N;297.15;101.0;46.64;0.05
1227654;je400149j;methyl sulfoxide;C[S](C)=O;164071-41-4;InChIKey=IAZDPXIOMUYVGZ-UHFFFAOYSA-N;299.15;101.0;46.39;0.05
1227655;je400149j;methyl sulfoxide;C[S](C)=O;164071-41-4;InChIKey=IAZDPXIOMUYVGZ-UHFFFAOYSA-N;301.15;101.0;46.18;0.05
1227656;je400149j;methyl sulfoxide;C[S](C)=O;164071-41-4;InChIKey=IAZDPXIOMUYVGZ-UHFFFAOYSA-N;303.15;101.0;45.94;0.05
1227657;je400149j;methyl sulfoxide;C[S](C)=O;164071-41-4;InChIKey=IAZDPXIOMUYVGZ-UHFFFAOYSA-N;305.15;101.0;45.63;0.05
1227658;je400149j;methyl sulfoxide;C[S](C)=O;164071-41-4;InChIKey=IAZDPXIOMUYVGZ-UHFFFAOYSA-N;307.15;101.0;45.39;0.05
1227659;je400149j;methyl sulfoxide;C[S](C)=O;164071-41-4;InChIKey=IAZDPXIOMUYVGZ-UHFFFAOYSA-N;309.15;101.0;45.14;0.05
1227660;je400149j;methyl sulfoxide;C[S](C)=O;164071-41-4;InChIKey=IAZDPXIOMUYVGZ-UHFFFAOYSA-N;311.15;101.0;44.88;0.05
1227661;je400149j;methyl sulfoxide;C[S](C)=O;164071-41-4;InChIKey=IAZDPXIOMUYVGZ-UHFFFAOYSA-N;313.15;101.0;44.64;0.05
1227662;je400149j;methyl sulfoxide;C[S](C)=O;164071-41-4;InChIKey=IAZDPXIOMUYVGZ-UHFFFAOYSA-N;315.15;101.0;44.34;0.05
1227663;je400149j;methyl sulfoxide;C[S](C)=O;164071-41-4;InChIKey=IAZDPXIOMUYVGZ-UHFFFAOYSA-N;317.15;101.0;44.11;0.05
1227664;je400149j;methyl sulfoxide;C[S](C)=O;164071-41-4;InChIKey=IAZDPXIOMUYVGZ-UHFFFAOYSA-N;319.15;101.0;43.87;0.05
1227665;je400149j;methyl sulfoxide;C[S](C)=O;164071-41-4;InChIKey=IAZDPXIOMUYVGZ-UHFFFAOYSA-N;321.15;101.0;43.58;0.05
1227666;je400149j;methyl sulfoxide;C[S](C)=O;164071-41-4;InChIKey=IAZDPXIOMUYVGZ-UHFFFAOYSA-N;323.15;101.0;43.31;0.05
1227667;je400149j;methyl sulfoxide;C[S](C)=O;164071-41-4;InChIKey=IAZDPXIOMUYVGZ-UHFFFAOYSA-N;325.15;101.0;43.07;0.05
1227668;je400149j;methyl sulfoxide;C[S](C)=O;164071-41-4;InChIKey=IAZDPXIOMUYVGZ-UHFFFAOYSA-N;327.15;101.0;42.78;0.05
1227669;je400149j;methyl sulfoxide;C[S](C)=O;164071-41-4;InChIKey=IAZDPXIOMUYVGZ-UHFFFAOYSA-N;329.15;101.0;42.56;0.05
1227670;je400149j;methyl sulfoxide;C[S](C)=O;164071-41-4;InChIKey=IAZDPXIOMUYVGZ-UHFFFAOYSA-N;331.15;101.0;42.27;0.05
1227671;je400149j;methyl sulfoxide;C[S](C)=O;164071-41-4;InChIKey=IAZDPXIOMUYVGZ-UHFFFAOYSA-N;333.15;101.0;42.0;0.05
1227673;je400149j;water;O;14314-42-2;InChIKey=XLYOFNOQVPJJNP-UHFFFAOYSA-N;273.15;101.0;87.0;0.05
1227674;je400149j;water;O;14314-42-2;InChIKey=XLYOFNOQVPJJNP-UHFFFAOYSA-N;275.15;101.0;86.36;0.05
1227675;je400149j;water;O;14314-42-2;InChIKey=XLYOFNOQVPJJNP-UHFFFAOYSA-N;277.15;101.0;85.67;0.05
1227676;je400149j;water;O;14314-42-2;InChIKey=XLYOFNOQVPJJNP-UHFFFAOYSA-N;279.15;101.0;84.84;0.05
1227677;je400149j;water;O;14314-42-2;InChIKey=XLYOFNOQVPJJNP-UHFFFAOYSA-N;281.15;101.0;84.25;0.05
1227678;je400149j;water;O;14314-42-2;InChIKey=XLYOFNOQVPJJNP-UHFFFAOYSA-N;283.15;101.0;83.37;0.05
1227679;je400149j;water;O;14314-42-2;InChIKey=XLYOFNOQVPJJNP-UHFFFAOYSA-N;285.15;101.0;82.73;0.05
1227680;je400149j;water;O;14314-42-2;InChIKey=XLYOFNOQVPJJNP-UHFFFAOYSA-N;287.15;101.0;82.02;0.05
1227681;je400149j;water;O;14314-42-2;InChIKey=XLYOFNOQVPJJNP-UHFFFAOYSA-N;289.15;101.0;81.33;0.05
1227682;je400149j;water;O;14314-42-2;InChIKey=XLYOFNOQVPJJNP-UHFFFAOYSA-N;291.15;101.0;80.65;0.05
1227683;je400149j;water;O;14314-42-2;InChIKey=XLYOFNOQVPJJNP-UHFFFAOYSA-N;293.15;101.0;79.98;0.05
1227684;je400149j;water;O;14314-42-2;InChIKey=XLYOFNOQVPJJNP-UHFFFAOYSA-N;295.15;101.0;79.32;0.05
1227685;je400149j;water;O;14314-42-2;InChIKey=XLYOFNOQVPJJNP-UHFFFAOYSA-N;297.15;101.0;78.42;0.05
1227686;je400149j;water;O;14314-42-2;InChIKey=XLYOFNOQVPJJNP-UHFFFAOYSA-N;299.15;101.0;77.85;0.05
1227687;je400149j;water;O;14314-42-2;InChIKey=XLYOFNOQVPJJNP-UHFFFAOYSA-N;301.15;101.0;77.29;0.05
1227688;je400149j;water;O;14314-42-2;InChIKey=XLYOFNOQVPJJNP-UHFFFAOYSA-N;303.15;101.0;76.61;0.05
1227689;je400149j;water;O;14314-42-2;InChIKey=XLYOFNOQVPJJNP-UHFFFAOYSA-N;305.15;101.0;75.95;0.05
1227690;je400149j;water;O;14314-42-2;InChIKey=XLYOFNOQVPJJNP-UHFFFAOYSA-N;307.15;101.0;75.3;0.05
1227691;je400149j;water;O;14314-42-2;InChIKey=XLYOFNOQVPJJNP-UHFFFAOYSA-N;309.15;101.0;74.65;0.05
1227692;je400149j;water;O;14314-42-2;InChIKey=XLYOFNOQVPJJNP-UHFFFAOYSA-N;311.15;101.0;73.97;0.05
1227693;je400149j;water;O;14314-42-2;InChIKey=XLYOFNOQVPJJNP-UHFFFAOYSA-N;313.15;101.0;73.29;0.05
1227694;je400149j;water;O;14314-42-2;InChIKey=XLYOFNOQVPJJNP-UHFFFAOYSA-N;315.15;101.0;72.68;0.05
1227695;je400149j;water;O;14314-42-2;InChIKey=XLYOFNOQVPJJNP-UHFFFAOYSA-N;317.15;101.0;72.09;0.05
1227696;je400149j;water;O;14314-42-2;InChIKey=XLYOFNOQVPJJNP-UHFFFAOYSA-N;319.15;101.0;71.44;0.05
1227697;je400149j;water;O;14314-42-2;InChIKey=XLYOFNOQVPJJNP-UHFFFAOYSA-N;321.15;101.0;70.76;0.05
1227698;je400149j;water;O;14314-42-2;InChIKey=XLYOFNOQVPJJNP-UHFFFAOYSA-N;323.15;101.0;70.14;0.05
1227699;je400149j;water;O;14314-42-2;InChIKey=XLYOFNOQVPJJNP-UHFFFAOYSA-N;325.15;101.0;69.54;0.05
1227700;je400149j;water;O;14314-42-2;InChIKey=XLYOFNOQVPJJNP-UHFFFAOYSA-N;327.15;101.0;68.94;0.05
1227701;je400149j;water;O;14314-42-2;InChIKey=XLYOFNOQVPJJNP-UHFFFAOYSA-N;329.15;101.0;68.3;0.05
1227702;je400149j;water;O;14314-42-2;InChIKey=XLYOFNOQVPJJNP-UHFFFAOYSA-N;331.15;101.0;67.68;0.05
1227703;je400149j;water;O;14314-42-2;InChIKey=XLYOFNOQVPJJNP-UHFFFAOYSA-N;333.15;101.0;67.07;0.05
1368408;je600515j;iminodiethanol;OCCNCCO;61791-44-4;InChIKey=ZBCBWPMODOFKDW-UHFFFAOYSA-N;303.15;101.325;24.69;0.2469
1368409;je600515j;iminodiethanol;OCCNCCO;61791-44-4;InChIKey=ZBCBWPMODOFKDW-UHFFFAOYSA-N;308.15;101.325;24.3;0.243
1368410;je600515j;iminodiethanol;OCCNCCO;61791-44-4;InChIKey=ZBCBWPMODOFKDW-UHFFFAOYSA-N;313.15;101.325;23.86;0.2386
1368411;je600515j;iminodiethanol;OCCNCCO;61791-44-4;InChIKey=ZBCBWPMODOFKDW-UHFFFAOYSA-N;318.15;101.325;23.28;0.2328
1368412;je600515j;iminodiethanol;OCCNCCO;61791-44-4;InChIKey=ZBCBWPMODOFKDW-UHFFFAOYSA-N;323.15;101.325;22.63;0.2263
1368413;je600515j;iminodiethanol;OCCNCCO;61791-44-4;InChIKey=ZBCBWPMODOFKDW-UHFFFAOYSA-N;328.15;101.325;22.13;0.2213
1368414;je600515j;diisopropanolamine;CC(O)CNCC(C)O;110-97-4;InChIKey=LVTYICIALWPMFW-UHFFFAOYSA-N;303.15;101.325;13.87;0.1387
1368415;je600515j;diisopropanolamine;CC(O)CNCC(C)O;110-97-4;InChIKey=LVTYICIALWPMFW-UHFFFAOYSA-N;308.15;101.325;13.75;0.1375
1368416;je600515j;diisopropanolamine;CC(O)CNCC(C)O;110-97-4;InChIKey=LVTYICIALWPMFW-UHFFFAOYSA-N;313.15;101.325;13.62;0.1362
1368417;je600515j;diisopropanolamine;CC(O)CNCC(C)O;110-97-4;InChIKey=LVTYICIALWPMFW-UHFFFAOYSA-N;318.15;101.325;13.49;0.1349
1368418;je600515j;diisopropanolamine;CC(O)CNCC(C)O;110-97-4;InChIKey=LVTYICIALWPMFW-UHFFFAOYSA-N;323.15;101.325;13.36;0.1336
1368419;je600515j;diisopropanolamine;CC(O)CNCC(C)O;110-97-4;InChIKey=LVTYICIALWPMFW-UHFFFAOYSA-N;328.15;101.325;13.26;0.1326
1368420;je600515j;N-methyldiethanolamine;CN(CCO)CCO;105-59-9;InChIKey=CRVGTESFCCXCTH-UHFFFAOYSA-N;303.15;101.325;21.84;0.2184
1368421;je600515j;N-methyldiethanolamine;CN(CCO)CCO;105-59-9;InChIKey=CRVGTESFCCXCTH-UHFFFAOYSA-N;308.15;101.325;21.33;0.2133
1368422;je600515j;N-methyldiethanolamine;CN(CCO)CCO;105-59-9;InChIKey=CRVGTESFCCXCTH-UHFFFAOYSA-N;313.15;101.325;20.83;0.2083
1368423;je600515j;N-methyldiethanolamine;CN(CCO)CCO;105-59-9;InChIKey=CRVGTESFCCXCTH-UHFFFAOYSA-N;318.15;101.325;20.32;0.2032
1368424;je600515j;N-methyldiethanolamine;CN(CCO)CCO;105-59-9;InChIKey=CRVGTESFCCXCTH-UHFFFAOYSA-N;323.15;101.325;19.79;0.1979
1368425;je600515j;N-methyldiethanolamine;CN(CCO)CCO;105-59-9;InChIKey=CRVGTESFCCXCTH-UHFFFAOYSA-N;328.15;101.325;19.28;0.1928
1368426;je600515j;2,2',2''-nitrilotriethanol;OCCN(CCO)CCO;126068-67-5;InChIKey=GSEJCLTVZPLZKY-UHFFFAOYSA-N;303.15;101.325;28.11;0.2811
1368427;je600515j;2,2',2''-nitrilotriethanol;OCCN(CCO)CCO;126068-67-5;InChIKey=GSEJCLTVZPLZKY-UHFFFAOYSA-N;308.15;101.325;27.41;0.2741
1368428;je600515j;2,2',2''-nitrilotriethanol;OCCN(CCO)CCO;126068-67-5;InChIKey=GSEJCLTVZPLZKY-UHFFFAOYSA-N;313.15;101.325;26.73;0.2673
1368429;je600515j;2,2',2''-nitrilotriethanol;OCCN(CCO)CCO;126068-67-5;InChIKey=GSEJCLTVZPLZKY-UHFFFAOYSA-N;318.15;101.325;26.07;0.2607
1368430;je600515j;2,2',2''-nitrilotriethanol;OCCN(CCO)CCO;126068-67-5;InChIKey=GSEJCLTVZPLZKY-UHFFFAOYSA-N;323.15;101.325;25.41;0.2541
1368431;je600515j;2,2',2''-nitrilotriethanol;OCCN(CCO)CCO;126068-67-5;InChIKey=GSEJCLTVZPLZKY-UHFFFAOYSA-N;328.15;101.325;24.8;0.248
1368432;je600515j;2-amino-2-methyl-1-propanol;CC(C)(N)CO;189832-99-3;InChIKey=CBTVGIZVANVGBH-UHFFFAOYSA-N;303.15;101.325;20.59;0.2059
1368433;je600515j;2-amino-2-methyl-1-propanol;CC(C)(N)CO;189832-99-3;InChIKey=CBTVGIZVANVGBH-UHFFFAOYSA-N;308.15;101.325;20.11;0.2011
1368434;je600515j;2-amino-2-methyl-1-propanol;CC(C)(N)CO;189832-99-3;InChIKey=CBTVGIZVANVGBH-UHFFFAOYSA-N;313.15;101.325;19.69;0.1969
1368435;je600515j;2-amino-2-methyl-1-propanol;CC(C)(N)CO;189832-99-3;InChIKey=CBTVGIZVANVGBH-UHFFFAOYSA-N;318.15;101.325;19.27;0.1927
1368436;je600515j;2-amino-2-methyl-1-propanol;CC(C)(N)CO;189832-99-3;InChIKey=CBTVGIZVANVGBH-UHFFFAOYSA-N;323.15;101.325;18.88;0.1888
1368437;je600515j;2-amino-2-methyl-1-propanol;CC(C)(N)CO;189832-99-3;InChIKey=CBTVGIZVANVGBH-UHFFFAOYSA-N;328.15;101.325;18.37;0.1837
1368438;je600515j;1,2-propanediol;CC(O)CO;57-55-6;InChIKey=DNIAPMSPPWPWGF-UHFFFAOYSA-N;303.15;101.325;27.87;0.2787
1368439;je600515j;1,2-propanediol;CC(O)CO;57-55-6;InChIKey=DNIAPMSPPWPWGF-UHFFFAOYSA-N;308.15;101.325;27.13;0.2713
1368440;je600515j;1,2-propanediol;CC(O)CO;57-55-6;InChIKey=DNIAPMSPPWPWGF-UHFFFAOYSA-N;313.15;101.325;26.43;0.2643
1368441;je600515j;1,2-propanediol;CC(O)CO;57-55-6;InChIKey=DNIAPMSPPWPWGF-UHFFFAOYSA-N;318.15;101.325;25.76;0.2576
1368442;je600515j;1,2-propanediol;CC(O)CO;57-55-6;InChIKey=DNIAPMSPPWPWGF-UHFFFAOYSA-N;323.15;101.325;25.08;0.2508
1368443;je600515j;1,2-propanediol;CC(O)CO;57-55-6;InChIKey=DNIAPMSPPWPWGF-UHFFFAOYSA-N;328.15;101.325;24.57;0.2457
1441979;je7006692;toluene;Cc1ccccc1;3101-08-4;InChIKey=YXFVVABEGXRONW-UHFFFAOYSA-N;390.53;170.0;2.17781;0.0003
1441980;je7006692;toluene;Cc1ccccc1;3101-08-4;InChIKey=YXFVVABEGXRONW-UHFFFAOYSA-N;315.78;1140.0;2.34185;0.0003
1441981;je7006692;toluene;Cc1ccccc1;3101-08-4;InChIKey=YXFVVABEGXRONW-UHFFFAOYSA-N;320.66;1140.0;2.33114;0.0003
1441982;je7006692;toluene;Cc1ccccc1;3101-08-4;InChIKey=YXFVVABEGXRONW-UHFFFAOYSA-N;324.53;1140.0;2.32241;0.0003
1441983;je7006692;toluene;Cc1ccccc1;3101-08-4;InChIKey=YXFVVABEGXRONW-UHFFFAOYSA-N;315.79;2170.0;2.34366;0.0003
1441984;je7006692;toluene;Cc1ccccc1;3101-08-4;InChIKey=YXFVVABEGXRONW-UHFFFAOYSA-N;324.54;2170.0;2.32435;0.0003
1441985;je7006692;toluene;Cc1ccccc1;3101-08-4;InChIKey=YXFVVABEGXRONW-UHFFFAOYSA-N;339.35;2170.0;2.2919;0.0003
1441986;je7006692;toluene;Cc1ccccc1;3101-08-4;InChIKey=YXFVVABEGXRONW-UHFFFAOYSA-N;357.45;2170.0;2.25261;0.0003
1441987;je7006692;toluene;Cc1ccccc1;3101-08-4;InChIKey=YXFVVABEGXRONW-UHFFFAOYSA-N;290.69;2170.0;2.41272;0.0003
1441988;je7006692;toluene;Cc1ccccc1;3101-08-4;InChIKey=YXFVVABEGXRONW-UHFFFAOYSA-N;390.53;2170.0;2.18342;0.0003
1441990;je7006692;toluene;Cc1ccccc1;3101-08-4;InChIKey=YXFVVABEGXRONW-UHFFFAOYSA-N;324.54;3200.0;2.32625;0.0003
1441991;je7006692;toluene;Cc1ccccc1;3101-08-4;InChIKey=YXFVVABEGXRONW-UHFFFAOYSA-N;315.79;3200.0;2.34545;0.0003
1441992;je7006692;toluene;Cc1ccccc1;3101-08-4;InChIKey=YXFVVABEGXRONW-UHFFFAOYSA-N;290.77;4240.0;2.41409;0.0003
1441993;je7006692;toluene;Cc1ccccc1;3101-08-4;InChIKey=YXFVVABEGXRONW-UHFFFAOYSA-N;315.79;4240.0;2.34729;0.0003
1441994;je7006692;toluene;Cc1ccccc1;3101-08-4;InChIKey=YXFVVABEGXRONW-UHFFFAOYSA-N;324.54;4240.0;2.32811;0.0003
1441995;je7006692;toluene;Cc1ccccc1;3101-08-4;InChIKey=YXFVVABEGXRONW-UHFFFAOYSA-N;339.38;4240.0;2.29596;0.0003
1441996;je7006692;toluene;Cc1ccccc1;3101-08-4;InChIKey=YXFVVABEGXRONW-UHFFFAOYSA-N;357.45;4240.0;2.25717;0.0003
1441997;je7006692;toluene;Cc1ccccc1;3101-08-4;InChIKey=YXFVVABEGXRONW-UHFFFAOYSA-N;390.59;4240.0;2.18899;0.0003
1441999;je7006692;toluene;Cc1ccccc1;3101-08-4;InChIKey=YXFVVABEGXRONW-UHFFFAOYSA-N;339.38;6310.0;2.29992;0.0003
1442000;je7006692;toluene;Cc1ccccc1;3101-08-4;InChIKey=YXFVVABEGXRONW-UHFFFAOYSA-N;357.44;6310.0;2.26156;0.0003
1442001;je7006692;toluene;Cc1ccccc1;3101-08-4;InChIKey=YXFVVABEGXRONW-UHFFFAOYSA-N;290.81;6310.0;2.41721;0.0003
1442002;je7006692;toluene;Cc1ccccc1;3101-08-4;InChIKey=YXFVVABEGXRONW-UHFFFAOYSA-N;324.54;6310.0;2.33179;0.0003
1442003;je7006692;toluene;Cc1ccccc1;3101-08-4;InChIKey=YXFVVABEGXRONW-UHFFFAOYSA-N;390.61;6310.0;2.19431;0.0003
1442004;je7006692;toluene;Cc1ccccc1;3101-08-4;InChIKey=YXFVVABEGXRONW-UHFFFAOYSA-N;315.79;6310.0;2.35078;0.0003
1442006;je7006692;toluene;Cc1ccccc1;3101-08-4;InChIKey=YXFVVABEGXRONW-UHFFFAOYSA-N;357.52;8370.0;2.26578;0.0003
1442007;je7006692;toluene;Cc1ccccc1;3101-08-4;InChIKey=YXFVVABEGXRONW-UHFFFAOYSA-N;315.78;8370.0;2.35428;0.0003
1442008;je7006692;toluene;Cc1ccccc1;3101-08-4;InChIKey=YXFVVABEGXRONW-UHFFFAOYSA-N;290.83;8370.0;2.4202;0.0003
1442009;je7006692;toluene;Cc1ccccc1;3101-08-4;InChIKey=YXFVVABEGXRONW-UHFFFAOYSA-N;390.63;8370.0;2.19969;0.0003
1442010;je7006692;toluene;Cc1ccccc1;3101-08-4;InChIKey=YXFVVABEGXRONW-UHFFFAOYSA-N;339.39;8370.0;2.3038;0.0003
1442011;je7006692;toluene;Cc1ccccc1;3101-08-4;InChIKey=YXFVVABEGXRONW-UHFFFAOYSA-N;324.58;8370.0;2.33528;0.0003
1442013;je7006692;toluene;Cc1ccccc1;3101-08-4;InChIKey=YXFVVABEGXRONW-UHFFFAOYSA-N;357.54;12510.0;2.274;0.0003
1442014;je7006692;toluene;Cc1ccccc1;3101-08-4;InChIKey=YXFVVABEGXRONW-UHFFFAOYSA-N;339.41;12510.0;2.31127;0.0003
1442015;je7006692;toluene;Cc1ccccc1;3101-08-4;InChIKey=YXFVVABEGXRONW-UHFFFAOYSA-N;290.87;12510.0;2.42629;0.0003
1442016;je7006692;toluene;Cc1ccccc1;3101-08-4;InChIKey=YXFVVABEGXRONW-UHFFFAOYSA-N;390.65;12510.0;2.20969;0.0003
1442017;je7006692;toluene;Cc1ccccc1;3101-08-4;InChIKey=YXFVVABEGXRONW-UHFFFAOYSA-N;324.61;12510.0;2.34222;0.0003
1442018;je7006692;toluene;Cc1ccccc1;3101-08-4;InChIKey=YXFVVABEGXRONW-UHFFFAOYSA-N;315.79;12510.0;2.36095;0.0003
1442020;je7006692;toluene;Cc1ccccc1;3101-08-4;InChIKey=YXFVVABEGXRONW-UHFFFAOYSA-N;290.88;16100.0;2.43136;0.0003
1442021;je7006692;toluene;Cc1ccccc1;3101-08-4;InChIKey=YXFVVABEGXRONW-UHFFFAOYSA-N;390.68;16650.0;2.21925;0.0003
1442022;je7006692;toluene;Cc1ccccc1;3101-08-4;InChIKey=YXFVVABEGXRONW-UHFFFAOYSA-N;357.55;16650.0;2.28185;0.0003
1442023;je7006692;toluene;Cc1ccccc1;3101-08-4;InChIKey=YXFVVABEGXRONW-UHFFFAOYSA-N;290.9;16650.0;2.4322;0.0003
1442024;je7006692;toluene;Cc1ccccc1;3101-08-4;InChIKey=YXFVVABEGXRONW-UHFFFAOYSA-N;315.79;16650.0;2.3674;0.0003
1442025;je7006692;toluene;Cc1ccccc1;3101-08-4;InChIKey=YXFVVABEGXRONW-UHFFFAOYSA-N;339.41;16650.0;2.31844;0.0003
1442026;je7006692;toluene;Cc1ccccc1;3101-08-4;InChIKey=YXFVVABEGXRONW-UHFFFAOYSA-N;324.62;16650.0;2.34897;0.0003
1442028;je7006692;toluene;Cc1ccccc1;3101-08-4;InChIKey=YXFVVABEGXRONW-UHFFFAOYSA-N;315.79;19410.0;2.37152;0.0003
1442029;je7006692;toluene;Cc1ccccc1;3101-08-4;InChIKey=YXFVVABEGXRONW-UHFFFAOYSA-N;297.41;6919.0;2.3777;0.002
1442030;je7006692;toluene;Cc1ccccc1;3101-08-4;InChIKey=YXFVVABEGXRONW-UHFFFAOYSA-N;297.4;13927.0;2.3962;0.002
1442031;je7006692;toluene;Cc1ccccc1;3101-08-4;InChIKey=YXFVVABEGXRONW-UHFFFAOYSA-N;297.39;20942.0;2.4127;0.002
1442032;je7006692;toluene;Cc1ccccc1;3101-08-4;InChIKey=YXFVVABEGXRONW-UHFFFAOYSA-N;297.38;27906.0;2.4276;0.002
1442033;je7006692;toluene;Cc1ccccc1;3101-08-4;InChIKey=YXFVVABEGXRONW-UHFFFAOYSA-N;297.37;34905.0;2.443;0.002
1442034;je7006692;toluene;Cc1ccccc1;3101-08-4;InChIKey=YXFVVABEGXRONW-UHFFFAOYSA-N;297.37;41879.0;2.4564;0.002
1508850;je800593p;methanol;CO;54841-71-3;InChIKey=OKKJLVBELUTLKV-UHFFFAOYSA-N;288.15;101.0;34.62;0.03
1508851;je800593p;methanol;CO;54841-71-3;InChIKey=OKKJLVBELUTLKV-UHFFFAOYSA-N;293.15;101.0;33.6;0.03
1508852;je800593p;methanol;CO;54841-71-3;InChIKey=OKKJLVBELUTLKV-UHFFFAOYSA-N;298.15;101.0;32.6;0.03
1508853;je800593p;methanol;CO;54841-71-3;InChIKey=OKKJLVBELUTLKV-UHFFFAOYSA-N;303.15;101.0;31.65;0.03
1508854;je800593p;methanol;CO;54841-71-3;InChIKey=OKKJLVBELUTLKV-UHFFFAOYSA-N;308.15;101.0;30.72;0.03
1508857;je800593p;ethanol;CCO;121182-78-3;InChIKey=LFQSCWFLJHTTHZ-UHFFFAOYSA-N;288.15;101.0;25.92;0.03
1508858;je800593p;ethanol;CCO;121182-78-3;InChIKey=LFQSCWFLJHTTHZ-UHFFFAOYSA-N;293.15;101.0;25.12;0.03
1508859;je800593p;ethanol;CCO;121182-78-3;InChIKey=LFQSCWFLJHTTHZ-UHFFFAOYSA-N;298.15;101.0;24.35;0.03
1508860;je800593p;ethanol;CCO;121182-78-3;InChIKey=LFQSCWFLJHTTHZ-UHFFFAOYSA-N;303.15;101.0;23.6;0.03
1508861;je800593p;ethanol;CCO;121182-78-3;InChIKey=LFQSCWFLJHTTHZ-UHFFFAOYSA-N;308.15;101.0;22.87;0.03
1508864;je800593p;1-propanol;CCCO;71-23-8;InChIKey=BDERNNFJNOPAEC-UHFFFAOYSA-N;288.15;101.0;21.87;0.03
1508865;je800593p;1-propanol;CCCO;71-23-8;InChIKey=BDERNNFJNOPAEC-UHFFFAOYSA-N;293.15;101.0;21.15;0.03
1508866;je800593p;1-propanol;CCCO;71-23-8;InChIKey=BDERNNFJNOPAEC-UHFFFAOYSA-N;298.15;101.0;20.45;0.03
1508867;je800593p;1-propanol;CCCO;71-23-8;InChIKey=BDERNNFJNOPAEC-UHFFFAOYSA-N;303.15;101.0;19.78;0.03
1508868;je800593p;1-propanol;CCCO;71-23-8;InChIKey=BDERNNFJNOPAEC-UHFFFAOYSA-N;308.15;101.0;19.13;0.03
1508871;je800593p;2-propanol;CC(C)O;8013-70-5;InChIKey=KFZMGEQAYNKOFK-UHFFFAOYSA-N;288.15;101.0;21.22;0.03
1508872;je800593p;2-propanol;CC(C)O;8013-70-5;InChIKey=KFZMGEQAYNKOFK-UHFFFAOYSA-N;293.15;101.0;20.31;0.03
1508873;je800593p;2-propanol;CC(C)O;8013-70-5;InChIKey=KFZMGEQAYNKOFK-UHFFFAOYSA-N;298.15;101.0;19.43;0.03
1508874;je800593p;2-propanol;CC(C)O;8013-70-5;InChIKey=KFZMGEQAYNKOFK-UHFFFAOYSA-N;303.15;101.0;18.59;0.03
1508875;je800593p;2-propanol;CC(C)O;8013-70-5;InChIKey=KFZMGEQAYNKOFK-UHFFFAOYSA-N;308.15;101.0;17.79;0.03
1508878;je800593p;1-butanol;CCCCO;107569-51-7;InChIKey=LRHPLDYGYMQRHN-UHFFFAOYSA-N;288.15;101.0;19.01;0.03
1508879;je800593p;1-butanol;CCCCO;107569-51-7;InChIKey=LRHPLDYGYMQRHN-UHFFFAOYSA-N;293.15;101.0;18.28;0.03
1508880;je800593p;1-butanol;CCCCO;107569-51-7;InChIKey=LRHPLDYGYMQRHN-UHFFFAOYSA-N;298.15;101.0;17.58;0.03
1508881;je800593p;1-butanol;CCCCO;107569-51-7;InChIKey=LRHPLDYGYMQRHN-UHFFFAOYSA-N;303.15;101.0;16.91;0.03
1508882;je800593p;1-butanol;CCCCO;107569-51-7;InChIKey=LRHPLDYGYMQRHN-UHFFFAOYSA-N;308.15;101.0;16.26;0.03
1508885;je800593p;2-methyl-1-propanol;CC(C)CO;68989-27-5;InChIKey=ZXEKIIBDNHEJCQ-UHFFFAOYSA-N;288.15;101.0;19.51;0.03
1508886;je800593p;2-methyl-1-propanol;CC(C)CO;68989-27-5;InChIKey=ZXEKIIBDNHEJCQ-UHFFFAOYSA-N;293.15;101.0;18.71;0.03
1508887;je800593p;2-methyl-1-propanol;CC(C)CO;68989-27-5;InChIKey=ZXEKIIBDNHEJCQ-UHFFFAOYSA-N;298.15;101.0;17.96;0.03
1508888;je800593p;2-methyl-1-propanol;CC(C)CO;68989-27-5;InChIKey=ZXEKIIBDNHEJCQ-UHFFFAOYSA-N;303.15;101.0;17.23;0.03
1508889;je800593p;2-methyl-1-propanol;CC(C)CO;68989-27-5;InChIKey=ZXEKIIBDNHEJCQ-UHFFFAOYSA-N;308.15;101.0;16.53;0.03
1553499;je9002515;N-methylacetamide;CNC(C)=O;79-16-3;InChIKey=OHLUUHNLEMFGTQ-UHFFFAOYSA-N;303.15;101.0;178.47;0.89235
1553500;je9002515;N-methylacetamide;CNC(C)=O;79-16-3;InChIKey=OHLUUHNLEMFGTQ-UHFFFAOYSA-N;313.15;101.0;163.788;0.81894
1553501;je9002515;N-methylacetamide;CNC(C)=O;79-16-3;InChIKey=OHLUUHNLEMFGTQ-UHFFFAOYSA-N;323.15;101.0;150.266;0.75133
1553502;je9002515;N-methylacetamide;CNC(C)=O;79-16-3;InChIKey=OHLUUHNLEMFGTQ-UHFFFAOYSA-N;333.15;101.0;137.94;0.6897
1553503;je9002515;N-methylacetamide;CNC(C)=O;79-16-3;InChIKey=OHLUUHNLEMFGTQ-UHFFFAOYSA-N;343.15;101.0;127.615;0.638075
1553504;je9002515;N-methylacetamide;CNC(C)=O;79-16-3;InChIKey=OHLUUHNLEMFGTQ-UHFFFAOYSA-N;353.15;101.0;118.132;0.59066
1553505;je9002515;N-methylacetamide;CNC(C)=O;79-16-3;InChIKey=OHLUUHNLEMFGTQ-UHFFFAOYSA-N;363.15;101.0;108.853;0.544265
1553506;je9002515;N-methylacetamide;CNC(C)=O;79-16-3;InChIKey=OHLUUHNLEMFGTQ-UHFFFAOYSA-N;373.15;101.0;100.73;0.50365
1553507;je9002515;N-methylacetamide;CNC(C)=O;79-16-3;InChIKey=OHLUUHNLEMFGTQ-UHFFFAOYSA-N;383.15;101.0;93.218;0.46609
1553508;je9002515;N-methylacetamide;CNC(C)=O;79-16-3;InChIKey=OHLUUHNLEMFGTQ-UHFFFAOYSA-N;393.15;101.0;86.345;0.431725
1553519;je9002515;N,N-dimethylacetamide;CN(C)C(C)=O;127-19-5;InChIKey=FXHOOIRPVKKKFG-UHFFFAOYSA-N;303.15;101.0;38.67;0.19335
1553520;je9002515;N,N-dimethylacetamide;CN(C)C(C)=O;127-19-5;InChIKey=FXHOOIRPVKKKFG-UHFFFAOYSA-N;313.15;101.0;36.551;0.182755
1553521;je9002515;N,N-dimethylacetamide;CN(C)C(C)=O;127-19-5;InChIKey=FXHOOIRPVKKKFG-UHFFFAOYSA-N;323.15;101.0;34.678;0.17339
1553522;je9002515;N,N-dimethylacetamide;CN(C)C(C)=O;127-19-5;InChIKey=FXHOOIRPVKKKFG-UHFFFAOYSA-N;333.15;101.0;32.949;0.164745
1553523;je9002515;N,N-dimethylacetamide;CN(C)C(C)=O;127-19-5;InChIKey=FXHOOIRPVKKKFG-UHFFFAOYSA-N;343.15;101.0;31.458;0.15729
1553524;je9002515;N,N-dimethylacetamide;CN(C)C(C)=O;127-19-5;InChIKey=FXHOOIRPVKKKFG-UHFFFAOYSA-N;353.15;101.0;29.954;0.14977
1553525;je9002515;N,N-dimethylacetamide;CN(C)C(C)=O;127-19-5;InChIKey=FXHOOIRPVKKKFG-UHFFFAOYSA-N;363.15;101.0;28.578;0.14289
1553526;je9002515;N,N-dimethylacetamide;CN(C)C(C)=O;127-19-5;InChIKey=FXHOOIRPVKKKFG-UHFFFAOYSA-N;373.15;101.0;27.287;0.136435
1553527;je9002515;N,N-dimethylacetamide;CN(C)C(C)=O;127-19-5;InChIKey=FXHOOIRPVKKKFG-UHFFFAOYSA-N;383.15;101.0;26.074;0.13037
1553528;je9002515;N,N-dimethylacetamide;CN(C)C(C)=O;127-19-5;InChIKey=FXHOOIRPVKKKFG-UHFFFAOYSA-N;393.15;101.0;24.923;0.124615
1575457;je900503p;1-butanol;CCCCO;107569-51-7;InChIKey=LRHPLDYGYMQRHN-UHFFFAOYSA-N;293.15;101.0;18.26;0.03
1575458;je900503p;1-butanol;CCCCO;107569-51-7;InChIKey=LRHPLDYGYMQRHN-UHFFFAOYSA-N;298.15;101.0;17.54;0.03
1575459;je900503p;1-butanol;CCCCO;107569-51-7;InChIKey=LRHPLDYGYMQRHN-UHFFFAOYSA-N;303.15;101.0;16.89;0.03
1575460;je900503p;1-butanol;CCCCO;107569-51-7;InChIKey=LRHPLDYGYMQRHN-UHFFFAOYSA-N;313.15;101.0;15.45;0.03
1575482;je900503p;.gamma.-butyrolactone;O=C1CCCO1;187997-16-6;InChIKey=YEJRWHAVMIAJKC-UHFFFAOYSA-N;293.15;101.0;42.34;0.03
1575483;je900503p;.gamma.-butyrolactone;O=C1CCCO1;187997-16-6;InChIKey=YEJRWHAVMIAJKC-UHFFFAOYSA-N;298.15;101.0;41.64;0.03
1575484;je900503p;.gamma.-butyrolactone;O=C1CCCO1;187997-16-6;InChIKey=YEJRWHAVMIAJKC-UHFFFAOYSA-N;303.15;101.0;41.1;0.03
1575485;je900503p;.gamma.-butyrolactone;O=C1CCCO1;187997-16-6;InChIKey=YEJRWHAVMIAJKC-UHFFFAOYSA-N;313.15;101.0;39.92;0.03
1575486;je900503p;.gamma.-butyrolactone;O=C1CCCO1;187997-16-6;InChIKey=YEJRWHAVMIAJKC-UHFFFAOYSA-N;293.15;101.0;42.81;0.03
1713538;j.tca.2012.05.036;1-pentanol;CCCCCO;71-41-0;InChIKey=AMQJEAYHLZJPGS-UHFFFAOYSA-N;288.15;101.325;16.334;0.49002
1713539;j.tca.2012.05.036;1-pentanol;CCCCCO;71-41-0;InChIKey=AMQJEAYHLZJPGS-UHFFFAOYSA-N;293.15;101.325;15.736;0.47208
1713540;j.tca.2012.05.036;1-pentanol;CCCCCO;71-41-0;InChIKey=AMQJEAYHLZJPGS-UHFFFAOYSA-N;298.15;101.325;15.144;0.45432
1713541;j.tca.2012.05.036;1-pentanol;CCCCCO;71-41-0;InChIKey=AMQJEAYHLZJPGS-UHFFFAOYSA-N;303.15;101.325;14.565;0.43695
1713542;j.tca.2012.05.036;1-pentanol;CCCCCO;71-41-0;InChIKey=AMQJEAYHLZJPGS-UHFFFAOYSA-N;308.15;101.325;13.998;0.41994
1713551;j.tca.2012.05.036;octane;CCCCCCCC;31372-91-5;InChIKey=TVMXDCGIABBOFY-UHFFFAOYSA-N;288.15;101.325;1.975;0.05925
1713552;j.tca.2012.05.036;octane;CCCCCCCC;31372-91-5;InChIKey=TVMXDCGIABBOFY-UHFFFAOYSA-N;293.15;101.325;1.968;0.05904
1713553;j.tca.2012.05.036;octane;CCCCCCCC;31372-91-5;InChIKey=TVMXDCGIABBOFY-UHFFFAOYSA-N;298.15;101.325;1.961;0.05883
1713554;j.tca.2012.05.036;octane;CCCCCCCC;31372-91-5;InChIKey=TVMXDCGIABBOFY-UHFFFAOYSA-N;303.15;101.325;1.954;0.05862
1713555;j.tca.2012.05.036;octane;CCCCCCCC;31372-91-5;InChIKey=TVMXDCGIABBOFY-UHFFFAOYSA-N;308.15;101.325;1.947;0.05841
1713564;j.tca.2012.05.036;dibutyl ether;CCCCOCCCC;142-96-1;InChIKey=DURPTKYDGMDSBL-UHFFFAOYSA-N;288.15;101.325;3.186;0.09558
1713565;j.tca.2012.05.036;dibutyl ether;CCCCOCCCC;142-96-1;InChIKey=DURPTKYDGMDSBL-UHFFFAOYSA-N;293.15;101.325;3.145;0.09435
1713566;j.tca.2012.05.036;dibutyl ether;CCCCOCCCC;142-96-1;InChIKey=DURPTKYDGMDSBL-UHFFFAOYSA-N;298.15;101.325;3.106;0.09318
1713567;j.tca.2012.05.036;dibutyl ether;CCCCOCCCC;142-96-1;InChIKey=DURPTKYDGMDSBL-UHFFFAOYSA-N;303.15;101.325;3.068;0.09204
1713568;j.tca.2012.05.036;dibutyl ether;CCCCOCCCC;142-96-1;InChIKey=DURPTKYDGMDSBL-UHFFFAOYSA-N;308.15;101.325;3.031;0.09093
1719428;j.tca.2012.10.004;sulfolane;O=[S]1(=O)CCCC1;126-33-0;InChIKey=HXJUTPCZVOIRIF-UHFFFAOYSA-N;293.15;101.0;44.5;0.89
1719429;j.tca.2012.10.004;sulfolane;O=[S]1(=O)CCCC1;126-33-0;InChIKey=HXJUTPCZVOIRIF-UHFFFAOYSA-N;298.15;101.0;44.0;0.88
1719430;j.tca.2012.10.004;sulfolane;O=[S]1(=O)CCCC1;126-33-0;InChIKey=HXJUTPCZVOIRIF-UHFFFAOYSA-N;303.15;101.0;43.4;0.868
1719431;j.tca.2012.10.004;sulfolane;O=[S]1(=O)CCCC1;126-33-0;InChIKey=HXJUTPCZVOIRIF-UHFFFAOYSA-N;308.15;101.0;42.8;0.856
1719432;j.tca.2012.10.004;sulfolane;O=[S]1(=O)CCCC1;126-33-0;InChIKey=HXJUTPCZVOIRIF-UHFFFAOYSA-N;313.15;101.0;42.2;0.844
1719433;j.tca.2012.10.004;sulfolane;O=[S]1(=O)CCCC1;126-33-0;InChIKey=HXJUTPCZVOIRIF-UHFFFAOYSA-N;318.15;101.0;41.6;0.832
1719434;j.tca.2012.10.004;sulfolane;O=[S]1(=O)CCCC1;126-33-0;InChIKey=HXJUTPCZVOIRIF-UHFFFAOYSA-N;323.15;101.0;41.1;0.822
1719435;j.tca.2012.10.004;sulfolane;O=[S]1(=O)CCCC1;126-33-0;InChIKey=HXJUTPCZVOIRIF-UHFFFAOYSA-N;328.15;101.0;40.4;0.808
1719452;j.tca.2012.10.004;N-methyldiethanolamine;CN(CCO)CCO;105-59-9;InChIKey=CRVGTESFCCXCTH-UHFFFAOYSA-N;293.15;101.0;22.9;0.458
1719453;j.tca.2012.10.004;N-methyldiethanolamine;CN(CCO)CCO;105-59-9;InChIKey=CRVGTESFCCXCTH-UHFFFAOYSA-N;298.15;101.0;22.4;0.448
1719454;j.tca.2012.10.004;N-methyldiethanolamine;CN(CCO)CCO;105-59-9;InChIKey=CRVGTESFCCXCTH-UHFFFAOYSA-N;303.15;101.0;21.8;0.436
1719455;j.tca.2012.10.004;N-methyldiethanolamine;CN(CCO)CCO;105-59-9;InChIKey=CRVGTESFCCXCTH-UHFFFAOYSA-N;308.15;101.0;21.3;0.426
1719456;j.tca.2012.10.004;N-methyldiethanolamine;CN(CCO)CCO;105-59-9;InChIKey=CRVGTESFCCXCTH-UHFFFAOYSA-N;313.15;101.0;20.8;0.416
1719457;j.tca.2012.10.004;N-methyldiethanolamine;CN(CCO)CCO;105-59-9;InChIKey=CRVGTESFCCXCTH-UHFFFAOYSA-N;318.15;101.0;20.3;0.406
1719458;j.tca.2012.10.004;N-methyldiethanolamine;CN(CCO)CCO;105-59-9;InChIKey=CRVGTESFCCXCTH-UHFFFAOYSA-N;323.15;101.0;19.8;0.396
1719459;j.tca.2012.10.004;N-methyldiethanolamine;CN(CCO)CCO;105-59-9;InChIKey=CRVGTESFCCXCTH-UHFFFAOYSA-N;328.15;101.0;19.3;0.386
1720174;j.tca.2012.10.024;1-pentanol;CCCCCO;71-41-0;InChIKey=AMQJEAYHLZJPGS-UHFFFAOYSA-N;293.15;101.325;15.739;0.47217
1720175;j.tca.2012.10.024;1-pentanol;CCCCCO;71-41-0;InChIKey=AMQJEAYHLZJPGS-UHFFFAOYSA-N;298.15;101.325;15.158;0.45474
1720176;j.tca.2012.10.024;1-pentanol;CCCCCO;71-41-0;InChIKey=AMQJEAYHLZJPGS-UHFFFAOYSA-N;303.15;101.325;14.579;0.43737
1720180;j.tca.2012.10.024;octane;CCCCCCCC;31372-91-5;InChIKey=TVMXDCGIABBOFY-UHFFFAOYSA-N;293.15;101.325;1.968;0.05904
1720181;j.tca.2012.10.024;octane;CCCCCCCC;31372-91-5;InChIKey=TVMXDCGIABBOFY-UHFFFAOYSA-N;298.15;101.325;1.961;0.05883
1720182;j.tca.2012.10.024;octane;CCCCCCCC;31372-91-5;InChIKey=TVMXDCGIABBOFY-UHFFFAOYSA-N;303.15;101.325;1.954;0.05862
1720189;j.tca.2012.10.024;dimethoxytetraglycol;COCCOCCOCCOCCOC;143-24-8;InChIKey=ZUHZGEOKBKGPSW-UHFFFAOYSA-N;293.15;101.325;7.939;0.23817
1720190;j.tca.2012.10.024;dimethoxytetraglycol;COCCOCCOCCOCCOC;143-24-8;InChIKey=ZUHZGEOKBKGPSW-UHFFFAOYSA-N;298.15;101.325;7.816;0.23448
1720191;j.tca.2012.10.024;dimethoxytetraglycol;COCCOCCOCCOCCOC;143-24-8;InChIKey=ZUHZGEOKBKGPSW-UHFFFAOYSA-N;303.15;101.325;7.692;0.23076
1728565;j.tca.2013.05.022;toluene;Cc1ccccc1;3101-08-4;InChIKey=YXFVVABEGXRONW-UHFFFAOYSA-N;303.0;101.325;2.46;0.0492
